<step title="Incoming Request" date="2025-04-19T01:44:19.300" instance="0ad771" url="/api/zipdeploy?isAsync=true" method="POST" type="request" pid="1155,1,16" Accept="*/*" Host="mywebapp-1745023961.scm.azurewebsites.net" User-Agent="AZURECLI/2.71.0 (HOMEBREW)" Accept-Encoding="gzip, deflate" Authorization="Bas..." Cache-Control="no-cache" Content-Type="application/octet-stream" Cookie="ARRAffinity=0ad77132a4a61ed67b078d3a655d40a58d4b822256e552ee0bac37f77112e58b; ARRAffinitySameSite=0ad77132a4a61ed67b078d3a655d40a58d4b822256e552ee0bac37f77112e58b" Content-Length="3751278" x-ms-client-request-id="c6e696a2-1cbf-11f0-bb94-767d9b44442d" x-ms-artifact-checksum="6dfe458044fec260cdac9434526e5259474120d5fd2380d204b15aefc6cc32b0" X-ARR-LOG-ID="c6e696a2-1cbf-11f0-bb94-767d9b44442d" CLIENT-IP="102.191.84.122:61333" X-SITE-DEPLOYMENT-ID="MyWebApp-1745023961" WAS-DEFAULT-HOSTNAME="mywebapp-1745023961.scm.azurewebsites.net" X-Forwarded-Proto="https" X-AppService-Proto="https" X-Forwarded-TlsVersion="1.3" X-WAWS-Unencoded-URL="/api/zipdeploy?isAsync=true" X-Client-IP="102.191.84.122" X-Client-Port="61333" >
  <step title="ZipPushDeploy" date="2025-04-19T01:44:19.346" >
    <step title="ZipDeploy. Extract zip." date="2025-04-19T01:44:19.358" /><!-- duration: 2ms -->
    <step title="None repository commit" date="2025-04-19T01:44:19.374" >
      <step title="Commit id: cb19d1be-1545-4d12-9266-13a125e2b93f" date="2025-04-19T01:44:19.376" Message="N/A" AuthorName="N/A" AuthorEmail="N/A" /><!-- duration: 2ms -->
    </step><!-- duration: 7ms -->
    <step title="Starting PushDeployAsync" date="2025-04-19T01:44:19.383" /><!-- duration: 2ms -->
    <step title="Writing artifact to /tmp/zipdeploy/b7d9be53-cd7a-4f44-b4cb-55c3fce39f9d.zip" date="2025-04-19T01:44:19.425" >
      <step title="Writing multipart request body to /tmp/zipdeploy/b7d9be53-cd7a-4f44-b4cb-55c3fce39f9d.zip" date="2025-04-19T01:44:19.432" /><!-- duration: 12ms -->
    </step><!-- duration: 12426ms -->
    <step title="Start deployment in the background" date="2025-04-19T01:44:31.870" >
      <step title="Acquiring Deployment Lock" date="2025-04-19T01:44:31.898" /><!-- duration: 2ms -->
      <step title="Acquired Deployment Lock" date="2025-04-19T01:44:31.939" /><!-- duration: 2ms -->
    </step><!-- duration: 148ms -->
  </step><!-- duration: 12680ms -->
  <step title="Outgoing response" date="2025-04-19T01:44:32.043" type="response" statusCode="202" statusText="Accepted" /><!-- duration: 2ms -->
</step><!-- duration: 12748ms -->
