<step title="Incoming Request" date="2025-04-19T01:03:33.225" instance="0ad771" url="/api/zipdeploy?isAsync=true" method="POST" type="request" pid="822,1,7" Accept="*/*" Host="mywebapp-1745023961.scm.azurewebsites.net" User-Agent="AZURECLI/2.71.0 (HOMEBREW)" Accept-Encoding="gzip, deflate" Authorization="Bas..." Cache-Control="no-cache" Content-Type="application/octet-stream" Content-Length="3943599" x-ms-client-request-id="ed960676-1cb9-11f0-9094-767d9b44442d" x-ms-artifact-checksum="0c86595a6e165958dbc73f1e9393c3e6a954c77cd9c1dd8307eb39b5b123a3ac" X-ARR-LOG-ID="ed960676-1cb9-11f0-9094-767d9b44442d" CLIENT-IP="102.191.84.122:60676" X-SITE-DEPLOYMENT-ID="MyWebApp-1745023961" WAS-DEFAULT-HOSTNAME="mywebapp-1745023961.scm.azurewebsites.net" X-Forwarded-Proto="https" X-AppService-Proto="https" X-Forwarded-TlsVersion="1.3" X-WAWS-Unencoded-URL="/api/zipdeploy?isAsync=true" X-Client-IP="102.191.84.122" X-Client-Port="60676" >
  <step title="ZipPushDeploy" date="2025-04-19T01:03:33.900" >
    <step title="ZipDeploy. Extract zip." date="2025-04-19T01:03:33.909" /><!-- duration: 2ms -->
    <step title="None repository commit" date="2025-04-19T01:03:33.921" >
      <step title="Commit id: 9b3d7f44-5a1c-41b2-a3f2-a245665e7b1a" date="2025-04-19T01:03:33.924" Message="N/A" AuthorName="N/A" AuthorEmail="N/A" /><!-- duration: 2ms -->
    </step><!-- duration: 6ms -->
    <step title="Starting PushDeployAsync" date="2025-04-19T01:03:33.931" /><!-- duration: 2ms -->
    <step title="Writing artifact to /tmp/zipdeploy/0b63ef3f-65d7-4827-a07f-00820e7d8510.zip" date="2025-04-19T01:03:33.953" >
      <step title="Writing multipart request body to /tmp/zipdeploy/0b63ef3f-65d7-4827-a07f-00820e7d8510.zip" date="2025-04-19T01:03:33.959" /><!-- duration: 2ms -->
    </step><!-- duration: 248ms -->
    <step title="Start deployment in the background" date="2025-04-19T01:03:34.218" >
      <step title="Acquiring Deployment Lock" date="2025-04-19T01:03:34.249" /><!-- duration: 8ms -->
      <step title="Acquired Deployment Lock" date="2025-04-19T01:03:34.332" /><!-- duration: 7ms -->
    </step><!-- duration: 233ms -->
  </step><!-- duration: 559ms -->
  <step title="Outgoing response" date="2025-04-19T01:03:34.488" type="response" statusCode="202" statusText="Accepted" /><!-- duration: 3ms -->
</step><!-- duration: 1267ms -->
