<step title="BackgroundTrace" date="2025-04-19T01:03:34.221" instance="0ad771" url="/api/zipdeploy" method="POST" >
  <step title="Creating temporary deployment - FetchDeploymentManager" date="2025-04-19T01:03:34.342" /><!-- duration: 8ms -->
  <step title="Creating temporary deployment" date="2025-04-19T01:03:34.353" /><!-- duration: 95ms -->
  <step title="Performing fetch based deployment" date="2025-04-19T01:03:34.546" >
    <step title="Cleaning up temp folders from previous zip deployments and extracting pushed zip file /tmp/zipdeploy/0b63ef3f-65d7-4827-a07f-00820e7d8510.zip (3.76 MB) to /tmp/zipdeploy/extracted" date="2025-04-19T01:03:35.825" >
      <step title="ChmodRecursive Process exited with total time taken in ms: 615" date="2025-04-19T01:03:36.930" /><!-- duration: 37ms -->
    </step><!-- duration: 1144ms -->
    <step title="Deployment timer started" date="2025-04-19T01:03:39.044" >
      <step title="DeploymentManager.Deploy(id:9b3d7f44-5a1c-41b2-a3f2-a245665e7b1a)" date="2025-04-19T01:03:39.063" >
        <step title="Collecting changeset information" date="2025-04-19T01:03:39.110" /><!-- duration: 285ms -->
        <step title="Updating submodules" date="2025-04-19T01:03:39.414" /><!-- duration: 1244ms -->
        <step title="Determining deployment builder" date="2025-04-19T01:03:41.100" >
          <step title="Builder is BasicBuilder" date="2025-04-19T01:03:41.113" /><!-- duration: 27ms -->
        </step><!-- duration: 59ms -->
        <step title="PreDeployment: context.CleanOutputPath False" date="2025-04-19T01:03:41.236" >
          <step title="PreDeployment: context.OutputPath /home/site/wwwroot" date="2025-04-19T01:03:41.334" >
            <step title="Building" date="2025-04-19T01:03:41.420" >
              <step title="Generating deployment script" date="2025-04-19T01:03:41.481" >
                <step title="Executing external process" date="2025-04-19T01:03:41.520" type="process" path="starter.sh" arguments="&quot;/opt/Kudu/node_modules/.bin/kuduscript&quot; -y --no-dot-deployment -r &quot;/tmp/zipdeploy/extracted&quot; -o &quot;/home/site/deployments/tools&quot; --basic --sitePath &quot;/tmp/zipdeploy/extracted&quot;" /><!-- duration: 848ms -->
                <step title="Saved cached version of the deployment script for command -y --no-dot-deployment -r &quot;/tmp/zipdeploy/extracted&quot; -o &quot;/home/site/deployments/tools&quot; --basic --sitePath &quot;/tmp/zipdeploy/extracted&quot;" date="2025-04-19T01:03:42.639" /><!-- duration: 2ms -->
              </step><!-- duration: 1187ms -->
              <step title="Executing external process" date="2025-04-19T01:03:42.939" type="process" path="starter.sh" arguments="&quot;/home/site/deployments/tools/deploy.sh&quot;" /><!-- duration: 4298ms -->
              <step title="Triggering recycle (preview mode disabled)." date="2025-04-19T01:03:47.426" /><!-- duration: 2ms -->
              <step title="Modified file to trigger a restart of the app container." date="2025-04-19T01:03:47.449" /><!-- duration: 2ms -->
              <step title="Skip function trigger and logicapp sync because function is not enabled." date="2025-04-19T01:03:47.454" /><!-- duration: 2ms -->
            </step><!-- duration: 6512ms -->
          </step><!-- duration: 6604ms -->
          <step title="Cleaning up temp files" date="2025-04-19T01:03:47.940" /><!-- duration: 5ms -->
          <step title="Cleaning up temp files" date="2025-04-19T01:03:47.947" /><!-- duration: 505ms -->
          <step title="Reloading status file with latest updates" date="2025-04-19T01:03:48.469" >
            <step title="WebHooksManager.PublishEventAsync: PostDeployment" date="2025-04-19T01:03:48.474" /><!-- duration: 81ms -->
          </step><!-- duration: 91ms -->
          <step title="Cleaning up temporary deployment - fetch deployment was successful" date="2025-04-19T01:03:48.564" /><!-- duration: 2ms -->
        </step><!-- duration: 7374ms -->
      </step><!-- duration: 9574ms -->
