<step title="BackgroundTrace" date="2025-04-19T01:44:31.878" instance="0ad771" url="/api/zipdeploy" method="POST" >
  <step title="Cleanup Xml Logs" date="2025-04-19T01:44:31.882" /><!-- duration: 8ms -->
  <step title="Creating temporary deployment - FetchDeploymentManager" date="2025-04-19T01:44:31.943" /><!-- duration: 2ms -->
  <step title="Creating temporary deployment" date="2025-04-19T01:44:31.955" /><!-- duration: 60ms -->
  <step title="Performing fetch based deployment" date="2025-04-19T01:44:32.077" >
    <step title="Cleaning up temp folders from previous zip deployments and extracting pushed zip file /tmp/zipdeploy/b7d9be53-cd7a-4f44-b4cb-55c3fce39f9d.zip (3.58 MB) to /tmp/zipdeploy/extracted" date="2025-04-19T01:44:33.258" >
      <step title="ChmodRecursive Process exited with total time taken in ms: 105" date="2025-04-19T01:44:33.618" /><!-- duration: 7ms -->
    </step><!-- duration: 372ms -->
    <step title="Deployment timer started" date="2025-04-19T01:44:35.650" >
      <step title="DeploymentManager.Deploy(id:cb19d1be-1545-4d12-9266-13a125e2b93f)" date="2025-04-19T01:44:35.657" >
        <step title="Collecting changeset information" date="2025-04-19T01:44:35.670" /><!-- duration: 78ms -->
        <step title="Updating submodules" date="2025-04-19T01:44:35.757" /><!-- duration: 1112ms -->
        <step title="Determining deployment builder" date="2025-04-19T01:44:37.050" >
          <step title="Builder is BasicBuilder" date="2025-04-19T01:44:37.077" /><!-- duration: 5ms -->
        </step><!-- duration: 43ms -->
        <step title="PreDeployment: context.CleanOutputPath False" date="2025-04-19T01:44:37.134" >
          <step title="PreDeployment: context.OutputPath /home/site/wwwroot" date="2025-04-19T01:44:37.209" >
            <step title="Building" date="2025-04-19T01:44:37.392" >
              <step title="Generating deployment script" date="2025-04-19T01:44:37.525" >
                <step title="Using cached version of the deployment script for command: -y --no-dot-deployment -r &quot;/tmp/zipdeploy/extracted&quot; -o &quot;/home/site/deployments/tools&quot; --basic --sitePath &quot;/tmp/zipdeploy/extracted&quot;" date="2025-04-19T01:44:37.581" /><!-- duration: 2ms -->
              </step><!-- duration: 93ms -->
              <step title="Executing external process" date="2025-04-19T01:44:37.760" type="process" path="starter.sh" arguments="&quot;/home/site/deployments/tools/deploy.sh&quot;" /><!-- duration: 3208ms -->
              <step title="Triggering recycle (preview mode disabled)." date="2025-04-19T01:44:41.265" /><!-- duration: 4ms -->
              <step title="Modified file to trigger a restart of the app container." date="2025-04-19T01:44:41.297" /><!-- duration: 7ms -->
              <step title="Skip function trigger and logicapp sync because function is not enabled." date="2025-04-19T01:44:41.307" /><!-- duration: 6ms -->
            </step><!-- duration: 4529ms -->
          </step><!-- duration: 4723ms -->
          <step title="Cleaning up temp files" date="2025-04-19T01:44:41.936" /><!-- duration: 23ms -->
          <step title="Cleaning up temp files" date="2025-04-19T01:44:41.961" /><!-- duration: 545ms -->
          <step title="Reloading status file with latest updates" date="2025-04-19T01:44:42.555" >
            <step title="WebHooksManager.PublishEventAsync: PostDeployment" date="2025-04-19T01:44:42.565" /><!-- duration: 347ms -->
          </step><!-- duration: 384ms -->
          <step title="Cleaning up temporary deployment - fetch deployment was successful" date="2025-04-19T01:44:42.961" /><!-- duration: 9ms -->
        </step><!-- duration: 6174ms -->
      </step><!-- duration: 7705ms -->
