<step title="BackgroundTrace" date="2025-04-19T03:05:05.849" instance="0ad771" url="/api/zipdeploy" method="POST" >
  <step title="Cleanup Xml Logs" date="2025-04-19T03:05:05.858" /><!-- duration: 5ms -->
  <step title="Creating temporary deployment - FetchDeploymentManager" date="2025-04-19T03:05:05.940" /><!-- duration: 2ms -->
  <step title="Creating temporary deployment" date="2025-04-19T03:05:05.944" /><!-- duration: 61ms -->
  <step title="Performing fetch based deployment" date="2025-04-19T03:05:06.103" >
    <step title="Cleaning up temp folders from previous zip deployments and extracting pushed zip file /tmp/zipdeploy/0b5353da-4154-496c-a046-19b89579b2f7.zip (14.19 MB) to /tmp/zipdeploy/extracted" date="2025-04-19T03:05:07.412" >
      <step title="ChmodRecursive Process exited with total time taken in ms: 270" date="2025-04-19T03:05:10.361" /><!-- duration: 12ms -->
    </step><!-- duration: 2979ms -->
    <step title="Deployment timer started" date="2025-04-19T03:05:12.459" >
      <step title="DeploymentManager.Deploy(id:c8bcd4f4-fafa-481d-a1ff-29bb4250174f)" date="2025-04-19T03:05:12.471" >
        <step title="Collecting changeset information" date="2025-04-19T03:05:12.498" /><!-- duration: 131ms -->
        <step title="Updating submodules" date="2025-04-19T03:05:12.638" /><!-- duration: 1147ms -->
        <step title="Determining deployment builder" date="2025-04-19T03:05:14.010" >
          <step title="Builder is BasicBuilder" date="2025-04-19T03:05:14.023" /><!-- duration: 2ms -->
        </step><!-- duration: 16ms -->
        <step title="PreDeployment: context.CleanOutputPath False" date="2025-04-19T03:05:14.059" >
          <step title="PreDeployment: context.OutputPath /home/site/wwwroot" date="2025-04-19T03:05:14.136" >
            <step title="Building" date="2025-04-19T03:05:14.243" >
              <step title="Generating deployment script" date="2025-04-19T03:05:14.323" >
                <step title="Executing external process" date="2025-04-19T03:05:14.365" type="process" path="starter.sh" arguments="&quot;/opt/Kudu/node_modules/.bin/kuduscript&quot; -y --no-dot-deployment -r &quot;/tmp/zipdeploy/extracted&quot; -o &quot;/home/site/deployments/tools&quot; --basic --sitePath &quot;/tmp/zipdeploy/extracted&quot;" /><!-- duration: 946ms -->
                <step title="Saved cached version of the deployment script for command -y --no-dot-deployment -r &quot;/tmp/zipdeploy/extracted&quot; -o &quot;/home/site/deployments/tools&quot; --basic --sitePath &quot;/tmp/zipdeploy/extracted&quot;" date="2025-04-19T03:05:15.406" /><!-- duration: 2ms -->
              </step><!-- duration: 1088ms -->
              <step title="Executing external process" date="2025-04-19T03:05:15.584" type="process" path="starter.sh" arguments="&quot;/home/site/deployments/tools/deploy.sh&quot;" /><!-- duration: 15463ms -->
              <step title="Triggering recycle (preview mode disabled)." date="2025-04-19T03:05:31.259" /><!-- duration: 4ms -->
              <step title="Modified file to trigger a restart of the app container." date="2025-04-19T03:05:31.299" /><!-- duration: 2ms -->
              <step title="Skip function trigger and logicapp sync because function is not enabled." date="2025-04-19T03:05:31.325" /><!-- duration: 3ms -->
            </step><!-- duration: 17718ms -->
          </step><!-- duration: 17828ms -->
          <step title="Cleaning up temp files" date="2025-04-19T03:05:31.967" /><!-- duration: 9ms -->
          <step title="Cleaning up temp files" date="2025-04-19T03:05:31.992" /><!-- duration: 511ms -->
          <step title="Reloading status file with latest updates" date="2025-04-19T03:05:32.537" >
            <step title="WebHooksManager.PublishEventAsync: PostDeployment" date="2025-04-19T03:05:32.550" /><!-- duration: 95ms -->
          </step><!-- duration: 110ms -->
          <step title="Cleaning up temporary deployment - fetch deployment was successful" date="2025-04-19T03:05:32.656" /><!-- duration: 2ms -->
        </step><!-- duration: 18659ms -->
      </step><!-- duration: 20259ms -->
