<step title="Incoming Request" date="2025-04-19T01:44:40.126" instance="0ad771" url="/api/deployments/latest" method="GET" type="request" pid="1155,1,16" Accept="*/*" Host="mywebapp-1745023961.scm.azurewebsites.net" User-Agent="AZURECLI/2.71.0 (HOMEBREW)" Accept-Encoding="gzip, deflate" Authorization="Bas..." x-ms-client-request-id="c6e696a2-1cbf-11f0-bb94-767d9b44442d" X-ARR-LOG-ID="c6e696a2-1cbf-11f0-bb94-767d9b44442d" CLIENT-IP="102.191.84.122:61338" X-SITE-DEPLOYMENT-ID="MyWebApp-1745023961" WAS-DEFAULT-HOSTNAME="mywebapp-1745023961.scm.azurewebsites.net" X-Forwarded-Proto="https" X-AppService-Proto="https" X-Forwarded-TlsVersion="1.3" X-WAWS-Unencoded-URL="/api/deployments/latest" X-Client-IP="102.191.84.122" X-Client-Port="61338" >
  <step title="Cleanup Xml Logs" date="2025-04-19T01:44:40.128" /><!-- duration: 4ms -->
  <step title="DeploymentService.GetResult" date="2025-04-19T01:44:40.222" >
    <step title="DeploymentService.GetLatestDeployment" date="2025-04-19T01:44:40.224" >
      <step title="DeploymentManager.GetResults" date="2025-04-19T01:44:40.288" /><!-- duration: 659ms -->
      <step title="Deployment cb19d1be-1545-4d12-9266-13a125e2b93f is Building" date="2025-04-19T01:44:40.956" /><!-- duration: 9ms -->
    </step><!-- duration: 743ms -->
  </step><!-- duration: 756ms -->
  <step title="Outgoing response" date="2025-04-19T01:44:41.003" type="response" statusCode="202" statusText="Accepted" /><!-- duration: 2ms -->
</step><!-- duration: 887ms -->
