<step title="Incoming Request" date="2025-04-19T01:35:25.712" instance="0ad771" url="/api/zipdeploy?isAsync=true" method="POST" type="request" pid="824,1,21" Accept="*/*" Host="mywebapp-1745023961.scm.azurewebsites.net" User-Agent="AZURECLI/2.71.0 (HOMEBREW)" Accept-Encoding="gzip, deflate" Authorization="Bas..." Cache-Control="no-cache" Content-Type="application/octet-stream" Cookie="ARRAffinity=0ad77132a4a61ed67b078d3a655d40a58d4b822256e552ee0bac37f77112e58b; ARRAffinitySameSite=0ad77132a4a61ed67b078d3a655d40a58d4b822256e552ee0bac37f77112e58b" Content-Length="3769376" x-ms-client-request-id="77f01be6-1cbe-11f0-98aa-767d9b44442d" x-ms-artifact-checksum="1268aa2516afd7a6f1b785680f6feb53fc2a74ad6b2e9f39047683e97689d9a9" X-ARR-LOG-ID="77f01be6-1cbe-11f0-98aa-767d9b44442d" CLIENT-IP="102.191.84.122:61202" X-SITE-DEPLOYMENT-ID="MyWebApp-1745023961" WAS-DEFAULT-HOSTNAME="mywebapp-1745023961.scm.azurewebsites.net" X-Forwarded-Proto="https" X-AppService-Proto="https" X-Forwarded-TlsVersion="1.3" X-WAWS-Unencoded-URL="/api/zipdeploy?isAsync=true" X-Client-IP="102.191.84.122" X-Client-Port="61202" >
  <step title="Cleanup Xml Logs" date="2025-04-19T01:35:25.731" /><!-- duration: 51ms -->
  <step title="ZipPushDeploy" date="2025-04-19T01:35:26.339" >
    <step title="ZipDeploy. Extract zip." date="2025-04-19T01:35:26.464" /><!-- duration: 37ms -->
    <step title="None repository commit" date="2025-04-19T01:35:26.718" >
      <step title="Commit id: d175f166-85f3-447b-8093-2ce883b6e7d8" date="2025-04-19T01:35:26.738" Message="N/A" AuthorName="N/A" AuthorEmail="N/A" /><!-- duration: 39ms -->
    </step><!-- duration: 95ms -->
    <step title="Starting PushDeployAsync" date="2025-04-19T01:35:26.822" /><!-- duration: 12ms -->
    <step title="Writing artifact to /tmp/zipdeploy/b8f4b633-c44c-4bc3-978a-02b720576e12.zip" date="2025-04-19T01:35:27.135" >
      <step title="Writing multipart request body to /tmp/zipdeploy/b8f4b633-c44c-4bc3-978a-02b720576e12.zip" date="2025-04-19T01:35:27.154" /><!-- duration: 47ms -->
    </step><!-- duration: 8951ms -->
    <step title="Start deployment in the background" date="2025-04-19T01:35:36.192" >
      <step title="Acquiring Deployment Lock" date="2025-04-19T01:35:36.337" /><!-- duration: 9ms -->
      <step title="Acquired Deployment Lock" date="2025-04-19T01:35:36.615" /><!-- duration: 47ms -->
    </step><!-- duration: 704ms -->
  </step><!-- duration: 10605ms -->
  <step title="Outgoing response" date="2025-04-19T01:35:37.228" type="response" statusCode="202" statusText="Accepted" /><!-- duration: 39ms -->
</step><!-- duration: 11582ms -->
