<step title="Incoming Request" date="2025-04-19T01:03:41.767" instance="0ad771" url="/api/deployments/latest" method="GET" type="request" pid="822,1,16" Accept="*/*" Host="mywebapp-1745023961.scm.azurewebsites.net" User-Agent="AZURECLI/2.71.0 (HOMEBREW)" Accept-Encoding="gzip, deflate" Authorization="Bas..." x-ms-client-request-id="ed960676-1cb9-11f0-9094-767d9b44442d" X-ARR-LOG-ID="ed960676-1cb9-11f0-9094-767d9b44442d" CLIENT-IP="102.191.84.122:60714" X-SITE-DEPLOYMENT-ID="MyWebApp-1745023961" WAS-DEFAULT-HOSTNAME="mywebapp-1745023961.scm.azurewebsites.net" X-Forwarded-Proto="https" X-AppService-Proto="https" X-Forwarded-TlsVersion="1.3" X-WAWS-Unencoded-URL="/api/deployments/latest" X-Client-IP="102.191.84.122" X-Client-Port="60714" >
  <step title="Cleanup Xml Logs" date="2025-04-19T01:03:41.778" /><!-- duration: 16ms -->
  <step title="DeploymentService.GetResult" date="2025-04-19T01:03:42.040" >
    <step title="DeploymentService.GetLatestDeployment" date="2025-04-19T01:03:42.049" >
      <step title="DeploymentManager.GetResults" date="2025-04-19T01:03:42.058" /><!-- duration: 484ms -->
      <step title="Deployment 9b3d7f44-5a1c-41b2-a3f2-a245665e7b1a is Building" date="2025-04-19T01:03:42.551" /><!-- duration: 8ms -->
    </step><!-- duration: 513ms -->
  </step><!-- duration: 558ms -->
  <step title="Outgoing response" date="2025-04-19T01:03:42.909" type="response" statusCode="202" statusText="Accepted" /><!-- duration: 19ms -->
</step><!-- duration: 1164ms -->
