<step title="Incoming Request" date="2025-04-19T03:04:58.909" instance="0ad771" url="/api/zipdeploy?isAsync=true" method="POST" type="request" pid="769,1,5" Accept="*/*" Host="mywebapp-frontend.scm.azurewebsites.net" User-Agent="AZURECLI/2.71.0 (HOMEBREW)" Accept-Encoding="gzip, deflate" Authorization="Bas..." Cache-Control="no-cache" Content-Type="application/octet-stream" Content-Length="14874365" x-ms-client-request-id="e85fde6e-1cca-11f0-9fa7-767d9b44442d" x-ms-artifact-checksum="5fec0eba1b5cd5b70540076224344970e9c2d174361ae2a23bbe05cdc90edf4b" X-ARR-LOG-ID="e85fde6e-1cca-11f0-9fa7-767d9b44442d" CLIENT-IP="102.191.84.122:63137" X-SITE-DEPLOYMENT-ID="MyWebApp-Frontend" WAS-DEFAULT-HOSTNAME="mywebapp-frontend.scm.azurewebsites.net" X-Forwarded-Proto="https" X-AppService-Proto="https" X-Forwarded-TlsVersion="1.3" X-WAWS-Unencoded-URL="/api/zipdeploy?isAsync=true" X-Client-IP="102.191.84.122" X-Client-Port="63137" >
  <step title="ZipPushDeploy" date="2025-04-19T03:04:59.892" >
    <step title="ZipDeploy. Extract zip." date="2025-04-19T03:04:59.909" /><!-- duration: 2ms -->
    <step title="None repository commit" date="2025-04-19T03:04:59.923" >
      <step title="Commit id: c8bcd4f4-fafa-481d-a1ff-29bb4250174f" date="2025-04-19T03:04:59.930" Message="N/A" AuthorName="N/A" AuthorEmail="N/A" /><!-- duration: 2ms -->
    </step><!-- duration: 13ms -->
    <step title="Starting PushDeployAsync" date="2025-04-19T03:04:59.938" /><!-- duration: 2ms -->
    <step title="Writing artifact to /tmp/zipdeploy/0b5353da-4154-496c-a046-19b89579b2f7.zip" date="2025-04-19T03:05:00.048" >
      <step title="Writing multipart request body to /tmp/zipdeploy/0b5353da-4154-496c-a046-19b89579b2f7.zip" date="2025-04-19T03:05:00.055" /><!-- duration: 2ms -->
    </step><!-- duration: 5783ms -->
    <step title="Start deployment in the background" date="2025-04-19T03:05:05.844" >
      <step title="Acquiring Deployment Lock" date="2025-04-19T03:05:05.876" /><!-- duration: 11ms -->
      <step title="Acquired Deployment Lock" date="2025-04-19T03:05:05.936" /><!-- duration: 2ms -->
    </step><!-- duration: 164ms -->
  </step><!-- duration: 6125ms -->
  <step title="Outgoing response" date="2025-04-19T03:05:06.053" type="response" statusCode="202" statusText="Accepted" /><!-- duration: 2ms -->
</step><!-- duration: 7149ms -->
