<step title="BackgroundTrace" date="2025-04-19T01:35:36.223" instance="0ad771" url="/api/zipdeploy" method="POST" >
  <step title="Cleanup Xml Logs" date="2025-04-19T01:35:36.249" /><!-- duration: 19ms -->
  <step title="Creating temporary deployment - FetchDeploymentManager" date="2025-04-19T01:35:36.681" /><!-- duration: 2ms -->
  <step title="Creating temporary deployment" date="2025-04-19T01:35:36.700" /><!-- duration: 176ms -->
  <step title="Performing fetch based deployment" date="2025-04-19T01:35:37.520" >
    <step title="Cleaning up temp folders from previous zip deployments and extracting pushed zip file /tmp/zipdeploy/b8f4b633-c44c-4bc3-978a-02b720576e12.zip (3.59 MB) to /tmp/zipdeploy/extracted" date="2025-04-19T01:35:39.453" >
      <step title="ChmodRecursive Process exited with total time taken in ms: 182" date="2025-04-19T01:35:40.576" /><!-- duration: 17ms -->
    </step><!-- duration: 1168ms -->
    <step title="Deployment timer started" date="2025-04-19T01:35:42.657" >
      <step title="DeploymentManager.Deploy(id:d175f166-85f3-447b-8093-2ce883b6e7d8)" date="2025-04-19T01:35:42.693" >
        <step title="Collecting changeset information" date="2025-04-19T01:35:42.761" /><!-- duration: 145ms -->
        <step title="Updating submodules" date="2025-04-19T01:35:42.909" /><!-- duration: 1201ms -->
        <step title="Determining deployment builder" date="2025-04-19T01:35:44.399" >
          <step title="Builder is BasicBuilder" date="2025-04-19T01:35:44.437" /><!-- duration: 2ms -->
        </step><!-- duration: 84ms -->
        <step title="PreDeployment: context.CleanOutputPath False" date="2025-04-19T01:35:44.543" >
          <step title="PreDeployment: context.OutputPath /home/site/wwwroot" date="2025-04-19T01:35:44.718" >
            <step title="Building" date="2025-04-19T01:35:44.910" >
              <step title="Generating deployment script" date="2025-04-19T01:35:45.064" >
                <step title="Using cached version of the deployment script for command: -y --no-dot-deployment -r &quot;/tmp/zipdeploy/extracted&quot; -o &quot;/home/site/deployments/tools&quot; --basic --sitePath &quot;/tmp/zipdeploy/extracted&quot;" date="2025-04-19T01:35:45.226" /><!-- duration: 19ms -->
              </step><!-- duration: 221ms -->
              <step title="Executing external process" date="2025-04-19T01:35:45.722" type="process" path="starter.sh" arguments="&quot;/home/site/deployments/tools/deploy.sh&quot;" /><!-- duration: 9920ms -->
              <step title="Triggering recycle (preview mode disabled)." date="2025-04-19T01:35:56.095" /><!-- duration: 10ms -->
              <step title="Modified file to trigger a restart of the app container." date="2025-04-19T01:35:56.279" /><!-- duration: 10ms -->
              <step title="Skip function trigger and logicapp sync because function is not enabled." date="2025-04-19T01:35:56.554" /><!-- duration: 2ms -->
            </step><!-- duration: 12859ms -->
          </step><!-- duration: 13090ms -->
          <step title="Cleaning up temp files" date="2025-04-19T01:35:57.816" /><!-- duration: 10ms -->
          <step title="Cleaning up temp files" date="2025-04-19T01:35:57.836" /><!-- duration: 695ms -->
          <step title="Reloading status file with latest updates" date="2025-04-19T01:35:58.619" >
            <step title="WebHooksManager.PublishEventAsync: PostDeployment" date="2025-04-19T01:35:58.656" /><!-- duration: 938ms -->
          </step><!-- duration: 1021ms -->
          <step title="Cleaning up temporary deployment - fetch deployment was successful" date="2025-04-19T01:35:59.804" /><!-- duration: 95ms -->
        </step><!-- duration: 15658ms -->
