<step title="Incoming Request" date="2025-04-19T01:35:00.208" instance="0ad771" url="/api/deployments?warmup=true" method="GET" type="request" pid="824,1,19" Accept="*/*" Host="mywebapp-1745023961.scm.azurewebsites.net" User-Agent="AZURECLI/2.71.0 (HOMEBREW)" Accept-Encoding="gzip, deflate" Authorization="Bas..." Cookie="ARRAffinity=0ad77132a4a61ed67b078d3a655d40a58d4b822256e552ee0bac37f77112e58b; ARRAffinitySameSite=0ad77132a4a61ed67b078d3a655d40a58d4b822256e552ee0bac37f77112e58b" x-ms-client-request-id="77f01be6-1cbe-11f0-98aa-767d9b44442d" X-ARR-LOG-ID="77f01be6-1cbe-11f0-98aa-767d9b44442d" CLIENT-IP="102.191.84.122:61201" X-SITE-DEPLOYMENT-ID="MyWebApp-1745023961" WAS-DEFAULT-HOSTNAME="mywebapp-1745023961.scm.azurewebsites.net" X-Forwarded-Proto="https" X-AppService-Proto="https" X-Forwarded-TlsVersion="1.3" X-WAWS-Unencoded-URL="/api/deployments?warmup=true" X-Client-IP="102.191.84.122" X-Client-Port="61201" >
  <step title="Cleanup Xml Logs" date="2025-04-19T01:35:00.217" /><!-- duration: 116ms -->
  <step title="DeploymentService.GetCurrentEtag" date="2025-04-19T01:35:20.408" >
    <step title="Current Etag: &quot;f7228120a2d5d84b&quot;, Cached Etag: " date="2025-04-19T01:35:20.934" /><!-- duration: 10ms -->
  </step><!-- duration: 538ms -->
  <step title="DeploymentService.GetDeployResults" date="2025-04-19T01:35:20.966" >
    <step title="DeploymentManager.GetResults" date="2025-04-19T01:35:20.993" /><!-- duration: 850ms -->
  </step><!-- duration: 963ms -->
  <step title="Outgoing response" date="2025-04-19T01:35:22.960" type="response" statusCode="200" statusText="OK" /><!-- duration: 56ms -->
</step><!-- duration: 22862ms -->
