<step title="Incoming Request" date="2025-04-19T01:13:18.108" instance="0ad771" url="/api/zipdeploy?isAsync=true" method="POST" type="request" pid="823,1,5" Accept="*/*" Host="mywebapp-1745023961.scm.azurewebsites.net" User-Agent="AZURECLI/2.71.0 (HOMEBREW)" Accept-Encoding="gzip, deflate" Authorization="Bas..." Cache-Control="no-cache" Content-Type="application/octet-stream" Cookie="ARRAffinity=0ad77132a4a61ed67b078d3a655d40a58d4b822256e552ee0bac37f77112e58b; ARRAffinitySameSite=0ad77132a4a61ed67b078d3a655d40a58d4b822256e552ee0bac37f77112e58b" Content-Length="3943599" x-ms-client-request-id="5102e980-1cbb-11f0-9d08-767d9b44442d" x-ms-artifact-checksum="2c9b29a4c77bd503f1146ff23230bae13d2a68c0eca788041ae085d117be7a79" X-ARR-LOG-ID="5102e980-1cbb-11f0-9d08-767d9b44442d" CLIENT-IP="102.191.84.122:60878" X-SITE-DEPLOYMENT-ID="MyWebApp-1745023961" WAS-DEFAULT-HOSTNAME="mywebapp-1745023961.scm.azurewebsites.net" X-Forwarded-Proto="https" X-AppService-Proto="https" X-Forwarded-TlsVersion="1.3" X-WAWS-Unencoded-URL="/api/zipdeploy?isAsync=true" X-Client-IP="102.191.84.122" X-Client-Port="60878" >
  <step title="ZipPushDeploy" date="2025-04-19T01:13:18.191" >
    <step title="ZipDeploy. Extract zip." date="2025-04-19T01:13:18.203" /><!-- duration: 2ms -->
    <step title="None repository commit" date="2025-04-19T01:13:18.221" >
      <step title="Commit id: d70f2f61-8c2d-4ee6-8c1c-33af3455e818" date="2025-04-19T01:13:18.223" Message="N/A" AuthorName="N/A" AuthorEmail="N/A" /><!-- duration: 4ms -->
    </step><!-- duration: 9ms -->
    <step title="Starting PushDeployAsync" date="2025-04-19T01:13:18.232" /><!-- duration: 2ms -->
    <step title="Writing artifact to /tmp/zipdeploy/329659a4-20ed-4e28-b713-4fd6a54f65c1.zip" date="2025-04-19T01:13:18.268" >
      <step title="Writing multipart request body to /tmp/zipdeploy/329659a4-20ed-4e28-b713-4fd6a54f65c1.zip" date="2025-04-19T01:13:18.276" /><!-- duration: 2ms -->
    </step><!-- duration: 17611ms -->
    <step title="Start deployment in the background" date="2025-04-19T01:13:35.893" >
      <step title="Acquiring Deployment Lock" date="2025-04-19T01:13:35.927" /><!-- duration: 9ms -->
      <step title="Acquired Deployment Lock" date="2025-04-19T01:13:35.968" /><!-- duration: 2ms -->
    </step><!-- duration: 157ms -->
  </step><!-- duration: 17868ms -->
  <step title="Outgoing response" date="2025-04-19T01:13:36.079" type="response" statusCode="202" statusText="Accepted" /><!-- duration: 2ms -->
</step><!-- duration: 17975ms -->
