<step title="BackgroundTrace" date="2025-04-19T01:13:35.907" instance="0ad771" url="/api/zipdeploy" method="POST" >
  <step title="Cleanup Xml Logs" date="2025-04-19T01:13:35.911" /><!-- duration: 4ms -->
  <step title="Creating temporary deployment - FetchDeploymentManager" date="2025-04-19T01:13:35.973" /><!-- duration: 2ms -->
  <step title="Creating temporary deployment" date="2025-04-19T01:13:35.982" /><!-- duration: 63ms -->
  <step title="Performing fetch based deployment" date="2025-04-19T01:13:36.119" >
    <step title="Cleaning up temp folders from previous zip deployments and extracting pushed zip file /tmp/zipdeploy/329659a4-20ed-4e28-b713-4fd6a54f65c1.zip (3.76 MB) to /tmp/zipdeploy/extracted" date="2025-04-19T01:13:37.372" >
      <step title="ChmodRecursive Process exited with total time taken in ms: 116" date="2025-04-19T01:13:38.243" /><!-- duration: 3ms -->
    </step><!-- duration: 891ms -->
    <step title="Deployment timer started" date="2025-04-19T01:13:40.291" >
      <step title="DeploymentManager.Deploy(id:d70f2f61-8c2d-4ee6-8c1c-33af3455e818)" date="2025-04-19T01:13:40.311" >
        <step title="Collecting changeset information" date="2025-04-19T01:13:40.332" /><!-- duration: 79ms -->
        <step title="Updating submodules" date="2025-04-19T01:13:40.415" /><!-- duration: 1089ms -->
        <step title="Determining deployment builder" date="2025-04-19T01:13:41.660" >
          <step title="Builder is BasicBuilder" date="2025-04-19T01:13:41.677" /><!-- duration: 2ms -->
        </step><!-- duration: 28ms -->
        <step title="PreDeployment: context.CleanOutputPath False" date="2025-04-19T01:13:41.731" >
          <step title="PreDeployment: context.OutputPath /home/site/wwwroot" date="2025-04-19T01:13:41.860" >
            <step title="Building" date="2025-04-19T01:13:42.017" >
              <step title="Generating deployment script" date="2025-04-19T01:13:42.125" >
                <step title="Using cached version of the deployment script for command: -y --no-dot-deployment -r &quot;/tmp/zipdeploy/extracted&quot; -o &quot;/home/site/deployments/tools&quot; --basic --sitePath &quot;/tmp/zipdeploy/extracted&quot;" date="2025-04-19T01:13:42.281" /><!-- duration: 2ms -->
              </step><!-- duration: 361ms -->
              <step title="Executing external process" date="2025-04-19T01:13:42.611" type="process" path="starter.sh" arguments="&quot;/home/site/deployments/tools/deploy.sh&quot;" /><!-- duration: 762ms -->
              <step title="Triggering recycle (preview mode disabled)." date="2025-04-19T01:13:43.625" /><!-- duration: 3ms -->
              <step title="Modified file to trigger a restart of the app container." date="2025-04-19T01:13:43.656" /><!-- duration: 2ms -->
              <step title="Skip function trigger and logicapp sync because function is not enabled." date="2025-04-19T01:13:43.667" /><!-- duration: 27ms -->
            </step><!-- duration: 2193ms -->
          </step><!-- duration: 2357ms -->
          <step title="Cleaning up temp files" date="2025-04-19T01:13:44.220" /><!-- duration: 10ms -->
          <step title="Cleaning up temp files" date="2025-04-19T01:13:44.232" /><!-- duration: 520ms -->
          <step title="Reloading status file with latest updates" date="2025-04-19T01:13:44.784" >
            <step title="WebHooksManager.PublishEventAsync: PostDeployment" date="2025-04-19T01:13:44.792" /><!-- duration: 158ms -->
          </step><!-- duration: 168ms -->
          <step title="Cleaning up temporary deployment - fetch deployment was successful" date="2025-04-19T01:13:44.957" /><!-- duration: 2ms -->
        </step><!-- duration: 3294ms -->
      </step><!-- duration: 4728ms -->
