<step title="Incoming Request" date="2025-04-19T03:05:18.001" instance="0ad771" url="/api/deployments/latest" method="GET" type="request" pid="769,1,16" Accept="*/*" Host="mywebapp-frontend.scm.azurewebsites.net" User-Agent="AZURECLI/2.71.0 (HOMEBREW)" Accept-Encoding="gzip, deflate" Authorization="Bas..." x-ms-client-request-id="e85fde6e-1cca-11f0-9fa7-767d9b44442d" X-ARR-LOG-ID="e85fde6e-1cca-11f0-9fa7-767d9b44442d" CLIENT-IP="102.191.84.122:63145" X-SITE-DEPLOYMENT-ID="MyWebApp-Frontend" WAS-DEFAULT-HOSTNAME="mywebapp-frontend.scm.azurewebsites.net" X-Forwarded-Proto="https" X-AppService-Proto="https" X-Forwarded-TlsVersion="1.3" X-WAWS-Unencoded-URL="/api/deployments/latest" X-Client-IP="102.191.84.122" X-Client-Port="63145" >
  <step title="Cleanup Xml Logs" date="2025-04-19T03:05:18.041" /><!-- duration: 114ms -->
  <step title="DeploymentService.GetResult" date="2025-04-19T03:05:18.674" >
    <step title="DeploymentService.GetLatestDeployment" date="2025-04-19T03:05:18.692" >
      <step title="DeploymentManager.GetResults" date="2025-04-19T03:05:18.702" /><!-- duration: 1234ms -->
      <step title="Deployment c8bcd4f4-fafa-481d-a1ff-29bb4250174f is Building" date="2025-04-19T03:05:19.940" /><!-- duration: 5ms -->
    </step><!-- duration: 1254ms -->
  </step><!-- duration: 1275ms -->
  <step title="Outgoing response" date="2025-04-19T03:05:20.109" type="response" statusCode="202" statusText="Accepted" /><!-- duration: 8ms -->
</step><!-- duration: 2118ms -->
