﻿<?xml version="1.0" encoding="utf-8"?>
<deployment>
  <id>9dfd5868-baec-472f-9fd4-c98ac3746d65</id>
  <author>N/A</author>
  <deployer>OneDeploy</deployer>
  <authorEmail>N/A</authorEmail>
  <message>OneDeploy</message>
  <progress></progress>
  <status>Success</status>
  <statusText></statusText>
  <lastSuccessEndTime>2025-04-16T17:40:38.2062802Z</lastSuccessEndTime>
  <receivedTime>2025-04-16T17:40:30.8757103Z</receivedTime>
  <startTime>2025-04-16T17:40:32.2842242Z</startTime>
  <endTime>2025-04-16T17:40:38.2062802Z</endTime>
  <complete>True</complete>
  <is_temp>False</is_temp>
  <is_readonly>True</is_readonly>
  <buildSummary />
</deployment>