﻿<?xml version="1.0" encoding="utf-8"?>
<deployment>
  <id>9b3d7f44-5a1c-41b2-a3f2-a245665e7b1a</id>
  <author>N/A</author>
  <deployer>Push-Deployer</deployer>
  <authorEmail>N/A</authorEmail>
  <message>Created via a push deployment</message>
  <progress></progress>
  <status>Success</status>
  <statusText></statusText>
  <lastSuccessEndTime>2025-04-19T01:03:47.7647543Z</lastSuccessEndTime>
  <receivedTime>2025-04-19T01:03:39.2828128Z</receivedTime>
  <startTime>2025-04-19T01:03:41.0348903Z</startTime>
  <endTime>2025-04-19T01:03:47.7647543Z</endTime>
  <complete>True</complete>
  <is_temp>False</is_temp>
  <is_readonly>True</is_readonly>
  <buildSummary />
</deployment>