﻿<?xml version="1.0" encoding="utf-8"?>
<deployment>
  <id>cb19d1be-1545-4d12-9266-13a125e2b93f</id>
  <author>N/A</author>
  <deployer>Push-Deployer</deployer>
  <authorEmail>N/A</authorEmail>
  <message>Created via a push deployment</message>
  <progress></progress>
  <status>Success</status>
  <statusText></statusText>
  <lastSuccessEndTime>2025-04-19T01:44:41.6585749Z</lastSuccessEndTime>
  <receivedTime>2025-04-19T01:44:35.6900762Z</receivedTime>
  <startTime>2025-04-19T01:44:37.0082715Z</startTime>
  <endTime>2025-04-19T01:44:41.6585749Z</endTime>
  <complete>True</complete>
  <is_temp>False</is_temp>
  <is_readonly>True</is_readonly>
  <buildSummary />
</deployment>