﻿<?xml version="1.0" encoding="utf-8"?>
<deployment>
  <id>c8bcd4f4-fafa-481d-a1ff-29bb4250174f</id>
  <author>N/A</author>
  <deployer>Push-Deployer</deployer>
  <authorEmail>N/A</authorEmail>
  <message>Created via a push deployment</message>
  <progress></progress>
  <status>Success</status>
  <statusText></statusText>
  <lastSuccessEndTime>2025-04-19T03:05:31.6612661Z</lastSuccessEndTime>
  <receivedTime>2025-04-19T03:05:12.5571221Z</receivedTime>
  <startTime>2025-04-19T03:05:13.9640823Z</startTime>
  <endTime>2025-04-19T03:05:31.6612661Z</endTime>
  <complete>True</complete>
  <is_temp>False</is_temp>
  <is_readonly>True</is_readonly>
  <buildSummary />
</deployment>