﻿<?xml version="1.0" encoding="utf-8"?>
<deployment>
  <id>d175f166-85f3-447b-8093-2ce883b6e7d8</id>
  <author>N/A</author>
  <deployer>Push-Deployer</deployer>
  <authorEmail>N/A</authorEmail>
  <message>Created via a push deployment</message>
  <progress></progress>
  <status>Success</status>
  <statusText></statusText>
  <lastSuccessEndTime>2025-04-19T01:35:57.1558227Z</lastSuccessEndTime>
  <receivedTime>2025-04-19T01:35:42.8126021Z</receivedTime>
  <startTime>2025-04-19T01:35:44.3417224Z</startTime>
  <endTime>2025-04-19T01:35:57.1558227Z</endTime>
  <complete>True</complete>
  <is_temp>False</is_temp>
  <is_readonly>True</is_readonly>
  <buildSummary />
</deployment>