﻿<?xml version="1.0" encoding="utf-8"?>
<deployment>
  <id>f33b1a51-a60a-4c9f-920b-ba95141902ef</id>
  <author>N/A</author>
  <deployer>OneDeploy</deployer>
  <authorEmail>N/A</authorEmail>
  <message>OneDeploy</message>
  <progress></progress>
  <status>Success</status>
  <statusText></statusText>
  <lastSuccessEndTime>2025-04-16T23:49:32.6322856Z</lastSuccessEndTime>
  <receivedTime>2025-04-16T23:49:27.4182615Z</receivedTime>
  <startTime>2025-04-16T23:49:28.8713604Z</startTime>
  <endTime>2025-04-16T23:49:32.6322856Z</endTime>
  <complete>True</complete>
  <is_temp>False</is_temp>
  <is_readonly>True</is_readonly>
  <buildSummary />
</deployment>