﻿<?xml version="1.0" encoding="utf-8"?>
<deployment>
  <id>d70f2f61-8c2d-4ee6-8c1c-33af3455e818</id>
  <author>N/A</author>
  <deployer>Push-Deployer</deployer>
  <authorEmail>N/A</authorEmail>
  <message>Created via a push deployment</message>
  <progress></progress>
  <status>Success</status>
  <statusText></statusText>
  <lastSuccessEndTime>2025-04-19T01:13:44.0162593Z</lastSuccessEndTime>
  <receivedTime>2025-04-19T01:13:40.3603196Z</receivedTime>
  <startTime>2025-04-19T01:13:41.6105777Z</startTime>
  <endTime>2025-04-19T01:13:44.0162593Z</endTime>
  <complete>True</complete>
  <is_temp>False</is_temp>
  <is_readonly>True</is_readonly>
  <buildSummary />
</deployment>