﻿<?xml version="1.0" encoding="utf-8"?>
<deployment>
  <id>2750346f-4676-407d-b8d3-a83136a4aafa</id>
  <author>N/A</author>
  <deployer>Push-Deployer</deployer>
  <authorEmail>N/A</authorEmail>
  <message>Created via a push deployment</message>
  <progress></progress>
  <status>Success</status>
  <statusText></statusText>
  <lastSuccessEndTime>2025-04-16T17:29:18.428608Z</lastSuccessEndTime>
  <receivedTime>2025-04-16T17:29:12.7140414Z</receivedTime>
  <startTime>2025-04-16T17:29:14.2282389Z</startTime>
  <endTime>2025-04-16T17:29:18.428608Z</endTime>
  <complete>True</complete>
  <is_temp>False</is_temp>
  <is_readonly>True</is_readonly>
  <buildSummary />
</deployment>