﻿<?xml version="1.0" encoding="utf-8"?>
<deployment>
  <id>c9e4d6f9-f43a-405d-9b2a-27bad4d97b73</id>
  <author>N/A</author>
  <deployer>Push-Deployer</deployer>
  <authorEmail>N/A</authorEmail>
  <message>Created via a push deployment</message>
  <progress></progress>
  <status>Success</status>
  <statusText></statusText>
  <lastSuccessEndTime>2025-04-16T17:19:08.7290146Z</lastSuccessEndTime>
  <receivedTime>2025-04-16T17:19:00.0322578Z</receivedTime>
  <startTime>2025-04-16T17:19:01.4540932Z</startTime>
  <endTime>2025-04-16T17:19:08.7290146Z</endTime>
  <complete>True</complete>
  <is_temp>False</is_temp>
  <is_readonly>True</is_readonly>
  <buildSummary />
</deployment>