﻿<?xml version="1.0" encoding="utf-8"?>
<deployment>
  <id>62085fa9-c394-48f6-a8c2-1fc5bd81f541</id>
  <author>N/A</author>
  <deployer>OneDeploy</deployer>
  <authorEmail>N/A</authorEmail>
  <message>OneDeploy</message>
  <progress></progress>
  <status>Success</status>
  <statusText></statusText>
  <lastSuccessEndTime>2025-04-16T23:22:44.5440469Z</lastSuccessEndTime>
  <receivedTime>2025-04-16T23:22:36.7540262Z</receivedTime>
  <startTime>2025-04-16T23:22:38.1276362Z</startTime>
  <endTime>2025-04-16T23:22:44.5440469Z</endTime>
  <complete>True</complete>
  <is_temp>False</is_temp>
  <is_readonly>True</is_readonly>
  <buildSummary />
</deployment>