﻿<?xml version="1.0" encoding="utf-8"?>
<deployment>
  <id>ba1eaab9-8643-4099-85c9-40a776f255a0</id>
  <author>N/A</author>
  <deployer>OneDeploy</deployer>
  <authorEmail>N/A</authorEmail>
  <message>OneDeploy</message>
  <progress></progress>
  <status>Success</status>
  <statusText></statusText>
  <lastSuccessEndTime>2025-04-16T23:20:16.0786591Z</lastSuccessEndTime>
  <receivedTime>2025-04-16T23:20:07.8706288Z</receivedTime>
  <startTime>2025-04-16T23:20:09.270609Z</startTime>
  <endTime>2025-04-16T23:20:16.0786591Z</endTime>
  <complete>True</complete>
  <is_temp>False</is_temp>
  <is_readonly>True</is_readonly>
  <buildSummary />
</deployment>