﻿<?xml version="1.0" encoding="utf-8"?>
<deployment>
  <id>1c148ba4-1c95-4d04-9204-2054cd0c47d1</id>
  <author>N/A</author>
  <deployer>OneDeploy</deployer>
  <authorEmail>N/A</authorEmail>
  <message>OneDeploy</message>
  <progress></progress>
  <status>Success</status>
  <statusText></statusText>
  <lastSuccessEndTime>2025-04-16T23:24:21.1117727Z</lastSuccessEndTime>
  <receivedTime>2025-04-16T23:24:12.1016423Z</receivedTime>
  <startTime>2025-04-16T23:24:13.4914825Z</startTime>
  <endTime>2025-04-16T23:24:21.1117727Z</endTime>
  <complete>True</complete>
  <is_temp>False</is_temp>
  <is_readonly>True</is_readonly>
  <buildSummary />
</deployment>