﻿<?xml version="1.0" encoding="utf-8"?>
<deployment>
  <id>1694c78d-260c-4400-8f09-b4e313918b66</id>
  <author>N/A</author>
  <deployer>Push-Deployer</deployer>
  <authorEmail>N/A</authorEmail>
  <message>Created via a push deployment</message>
  <progress></progress>
  <status>Success</status>
  <statusText></statusText>
  <lastSuccessEndTime>2025-04-16T23:39:11.8416579Z</lastSuccessEndTime>
  <receivedTime>2025-04-16T23:39:05.2807805Z</receivedTime>
  <startTime>2025-04-16T23:39:06.6593961Z</startTime>
  <endTime>2025-04-16T23:39:11.8416579Z</endTime>
  <complete>True</complete>
  <is_temp>False</is_temp>
  <is_readonly>True</is_readonly>
  <buildSummary />
</deployment>