﻿<?xml version="1.0" encoding="utf-8"?>
<deployment>
  <id>8517b85e-64ba-486f-8489-da6a270942c6</id>
  <author>N/A</author>
  <deployer>OneDeploy</deployer>
  <authorEmail>N/A</authorEmail>
  <message>OneDeploy</message>
  <progress></progress>
  <status>Success</status>
  <statusText></statusText>
  <lastSuccessEndTime>2025-04-16T23:31:06.4667806Z</lastSuccessEndTime>
  <receivedTime>2025-04-16T23:30:57.7976588Z</receivedTime>
  <startTime>2025-04-16T23:30:59.2040764Z</startTime>
  <endTime>2025-04-16T23:31:06.4667806Z</endTime>
  <complete>True</complete>
  <is_temp>False</is_temp>
  <is_readonly>True</is_readonly>
  <buildSummary />
</deployment>