<step title="BackgroundTrace" date="2025-04-16T16:45:48.895" instance="bf8ef9" url="/api/zipdeploy" method="POST" >
  <step title="Cleanup Xml Logs" date="2025-04-16T16:45:48.902" /><!-- duration: 12ms -->
  <step title="Creating temporary deployment - FetchDeploymentManager" date="2025-04-16T16:45:49.037" /><!-- duration: 6ms -->
  <step title="Creating temporary deployment" date="2025-04-16T16:45:49.053" /><!-- duration: 111ms -->
  <step title="Performing fetch based deployment" date="2025-04-16T16:45:49.289" >
    <step title="Cleaning up temp folders from previous zip deployments and extracting pushed zip file /tmp/zipdeploy/b48312e4-3141-4283-bbc4-84bd1052930c.zip (3.75 MB) to /tmp/zipdeploy/extracted" date="2025-04-16T16:45:50.604" >
      <step title="ChmodRecursive Process exited with total time taken in ms: 109" date="2025-04-16T16:45:51.203" /><!-- duration: 11ms -->
    </step><!-- duration: 618ms -->
    <step title="Deployment timer started" date="2025-04-16T16:45:53.246" >
      <step title="DeploymentManager.Deploy(id:28a39b8e-93c2-4e32-9e99-622403c95464)" date="2025-04-16T16:45:53.267" >
        <step title="Collecting changeset information" date="2025-04-16T16:45:53.323" /><!-- duration: 129ms -->
        <step title="Updating submodules" date="2025-04-16T16:45:53.471" /><!-- duration: 1146ms -->
        <step title="Determining deployment builder" date="2025-04-16T16:45:54.886" >
          <step title="Builder is BasicBuilder" date="2025-04-16T16:45:54.956" /><!-- duration: 12ms -->
        </step><!-- duration: 110ms -->
        <step title="PreDeployment: context.CleanOutputPath False" date="2025-04-16T16:45:55.092" >
          <step title="PreDeployment: context.OutputPath /home/site/wwwroot" date="2025-04-16T16:45:55.605" >
            <step title="Building" date="2025-04-16T16:45:55.854" >
              <step title="Generating deployment script" date="2025-04-16T16:45:55.999" >
                <step title="Executing external process" date="2025-04-16T16:45:56.207" type="process" path="starter.sh" arguments="&quot;/opt/Kudu/node_modules/.bin/kuduscript&quot; -y --no-dot-deployment -r &quot;/tmp/zipdeploy/extracted&quot; -o &quot;/home/site/deployments/tools&quot; --basic --sitePath &quot;/tmp/zipdeploy/extracted&quot;" /><!-- duration: 1472ms -->
                <step title="Saved cached version of the deployment script for command -y --no-dot-deployment -r &quot;/tmp/zipdeploy/extracted&quot; -o &quot;/home/site/deployments/tools&quot; --basic --sitePath &quot;/tmp/zipdeploy/extracted&quot;" date="2025-04-16T16:45:57.848" /><!-- duration: 7ms -->
              </step><!-- duration: 1872ms -->
              <step title="Executing external process" date="2025-04-16T16:45:58.106" type="process" path="starter.sh" arguments="&quot;/home/site/deployments/tools/deploy.sh&quot;" /><!-- duration: 5427ms -->
              <step title="Triggering recycle (preview mode disabled)." date="2025-04-16T16:46:04.298" /><!-- duration: 12ms -->
              <step title="Modified file to trigger a restart of the app container." date="2025-04-16T16:46:04.419" /><!-- duration: 21ms -->
              <step title="Skip function trigger and logicapp sync because function is not enabled." date="2025-04-16T16:46:04.480" /><!-- duration: 30ms -->
            </step><!-- duration: 9425ms -->
          </step><!-- duration: 9698ms -->
          <step title="Cleaning up temp files" date="2025-04-16T16:46:05.309" /><!-- duration: 21ms -->
          <step title="Cleaning up temp files" date="2025-04-16T16:46:05.341" /><!-- duration: 522ms -->
          <step title="Reloading status file with latest updates" date="2025-04-16T16:46:05.918" >
            <step title="WebHooksManager.PublishEventAsync: PostDeployment" date="2025-04-16T16:46:05.938" /><!-- duration: 130ms -->
          </step><!-- duration: 157ms -->
          <step title="Cleaning up temporary deployment - fetch deployment was successful" date="2025-04-16T16:46:06.086" /><!-- duration: 6ms -->
        </step><!-- duration: 11111ms -->
      </step><!-- duration: 12976ms -->
