<step title="Incoming Request" date="2025-04-16T17:19:01.656" instance="bf8ef9" url="/api/deployments/latest" method="GET" type="request" pid="824,1,26" Accept="*/*" Host="thelocalfinder-backend.scm.azurewebsites.net" User-Agent="AZURECLI/2.71.0 (HOMEBREW)" Accept-Encoding="gzip, deflate" Authorization="Bas..." x-ms-client-request-id="d6fadbf0-1ae6-11f0-b383-767d9b444430" X-ARR-LOG-ID="d6fadbf0-1ae6-11f0-b383-767d9b444430" CLIENT-IP="102.191.84.122:52573" X-SITE-DEPLOYMENT-ID="thelocalfinder-backend" WAS-DEFAULT-HOSTNAME="thelocalfinder-backend.scm.azurewebsites.net" X-Forwarded-Proto="https" X-AppService-Proto="https" X-Forwarded-TlsVersion="1.3" X-WAWS-Unencoded-URL="/api/deployments/latest" X-Client-IP="102.191.84.122" X-Client-Port="52573" >
  <step title="Cleanup Xml Logs" date="2025-04-16T17:19:01.715" /><!-- duration: 52ms -->
  <step title="DeploymentService.GetResult" date="2025-04-16T17:19:01.837" >
    <step title="DeploymentService.GetLatestDeployment" date="2025-04-16T17:19:01.850" >
      <step title="DeploymentManager.GetResults" date="2025-04-16T17:19:01.878" /><!-- duration: 545ms -->
      <step title="Deployment c9e4d6f9-f43a-405d-9b2a-27bad4d97b73 is Building" date="2025-04-16T17:19:02.431" /><!-- duration: 8ms -->
    </step><!-- duration: 595ms -->
  </step><!-- duration: 614ms -->
  <step title="Outgoing response" date="2025-04-16T17:19:02.460" type="response" statusCode="202" statusText="Accepted" /><!-- duration: 14ms -->
</step><!-- duration: 823ms -->
