<step title="Incoming Request" date="2025-04-16T16:45:35.983" instance="bf8ef9" url="/api/zipdeploy?isAsync=true" method="POST" type="request" pid="825,1,30" Accept="*/*" Host="thelocalfinder-backend.scm.azurewebsites.net" User-Agent="AZURECLI/2.71.0 (HOMEBREW)" Accept-Encoding="gzip, deflate" Authorization="Bas..." Cache-Control="no-cache" Content-Type="application/octet-stream" Cookie="ARRAffinity=bf8ef91ccb8fa77b4506825069ff977a4ee74a1061592a5949482f922bad3616; ARRAffinitySameSite=bf8ef91ccb8fa77b4506825069ff977a4ee74a1061592a5949482f922bad3616" Content-Length="3935182" x-ms-client-request-id="3031efd8-1ae2-11f0-8e7a-767d9b444430" x-ms-artifact-checksum="0c397b6e33bce507808af6c61a19230eb6dc19b4e61789685ddc9ad80537211d" X-ARR-LOG-ID="3031efd8-1ae2-11f0-8e7a-767d9b444430" CLIENT-IP="102.191.84.122:51757" X-SITE-DEPLOYMENT-ID="thelocalfinder-backend" WAS-DEFAULT-HOSTNAME="thelocalfinder-backend.scm.azurewebsites.net" X-Forwarded-Proto="https" X-AppService-Proto="https" X-Forwarded-TlsVersion="1.3" X-WAWS-Unencoded-URL="/api/zipdeploy?isAsync=true" X-Client-IP="102.191.84.122" X-Client-Port="51757" >
  <step title="ZipPushDeploy" date="2025-04-16T16:45:36.197" >
    <step title="ZipDeploy. Extract zip." date="2025-04-16T16:45:36.256" /><!-- duration: 7ms -->
    <step title="None repository commit" date="2025-04-16T16:45:36.327" >
      <step title="Commit id: 28a39b8e-93c2-4e32-9e99-622403c95464" date="2025-04-16T16:45:36.345" Message="N/A" AuthorName="N/A" AuthorEmail="N/A" /><!-- duration: 22ms -->
    </step><!-- duration: 58ms -->
    <step title="Starting PushDeployAsync" date="2025-04-16T16:45:36.406" /><!-- duration: 11ms -->
    <step title="Writing artifact to /tmp/zipdeploy/b48312e4-3141-4283-bbc4-84bd1052930c.zip" date="2025-04-16T16:45:36.487" >
      <step title="Writing multipart request body to /tmp/zipdeploy/b48312e4-3141-4283-bbc4-84bd1052930c.zip" date="2025-04-16T16:45:36.508" /><!-- duration: 18ms -->
    </step><!-- duration: 12356ms -->
    <step title="Start deployment in the background" date="2025-04-16T16:45:48.881" >
      <step title="Acquiring Deployment Lock" date="2025-04-16T16:45:48.947" /><!-- duration: 11ms -->
      <step title="Acquired Deployment Lock" date="2025-04-16T16:45:49.010" /><!-- duration: 18ms -->
    </step><!-- duration: 289ms -->
  </step><!-- duration: 12982ms -->
  <step title="Outgoing response" date="2025-04-16T16:45:49.193" type="response" statusCode="202" statusText="Accepted" /><!-- duration: 5ms -->
</step><!-- duration: 13220ms -->
