<step title="Incoming Request" date="2025-04-16T23:19:57.948" instance="bf8ef9" url="/api/publish?type=zip" method="POST" type="request" pid="820,1,30" Accept="*/*" Host="thelocalfinder-backend.scm.azurewebsites.net" User-Agent="AZURECLI/2.71.0 (HOMEBREW)" Accept-Encoding="gzip, deflate" Authorization="Bas..." Cache-Control="no-cache" Content-Type="application/octet-stream" Cookie="ARRAffinity=bf8ef91ccb8fa77b4506825069ff977a4ee74a1061592a5949482f922bad3616; ARRAffinitySameSite=bf8ef91ccb8fa77b4506825069ff977a4ee74a1061592a5949482f922bad3616" Content-Length="4009062" x-ms-client-request-id="47c0dd94-1b19-11f0-b62b-767d9b444430" x-ms-artifact-checksum="937a1853fb9c5ab509745c4430581768b121e633b8b95fb4c9906eab451e3e3b" X-ARR-LOG-ID="47c0dd94-1b19-11f0-b62b-767d9b444430" CLIENT-IP="102.191.84.122:53800" X-SITE-DEPLOYMENT-ID="thelocalfinder-backend" WAS-DEFAULT-HOSTNAME="thelocalfinder-backend.scm.azurewebsites.net" X-Forwarded-Proto="https" X-AppService-Proto="https" X-Forwarded-TlsVersion="1.3" X-WAWS-Unencoded-URL="/api/publish?type=zip" X-Client-IP="102.191.84.122" X-Client-Port="53800" >
  <step title="OneDeploy" date="2025-04-16T23:19:58.192" >
    <step title="None repository commit" date="2025-04-16T23:19:58.222" >
      <step title="Commit id: ba1eaab9-8643-4099-85c9-40a776f255a0" date="2025-04-16T23:19:58.228" Message="N/A" AuthorName="N/A" AuthorEmail="N/A" /><!-- duration: 6ms -->
    </step><!-- duration: 19ms -->
    <step title="Starting PushDeployAsync" date="2025-04-16T23:19:58.249" /><!-- duration: 5ms -->
    <step title="Writing artifact to /tmp/zipdeploy/f1b89289-b090-41cc-88f8-99c9be366c10.zip" date="2025-04-16T23:19:58.309" >
      <step title="Writing multipart request body to /tmp/zipdeploy/f1b89289-b090-41cc-88f8-99c9be366c10.zip" date="2025-04-16T23:19:58.321" /><!-- duration: 12ms -->
    </step><!-- duration: 4790ms -->
    <step title="Attempting to fetch target branch HEAD" date="2025-04-16T23:20:03.181" /><!-- duration: 17ms -->
    <step title="Acquiring Deployment Lock" date="2025-04-16T23:20:03.219" /><!-- duration: 22ms -->
    <step title="Acquired Deployment Lock" date="2025-04-16T23:20:03.500" /><!-- duration: 11ms -->
    <step title="Performing fetch based deployment" date="2025-04-16T23:20:03.590" >
      <step title="Creating temporary deployment" date="2025-04-16T23:20:03.621" /><!-- duration: 250ms -->
      <step title="Releasing Deployment Lock" date="2025-04-16T23:20:05.282" /><!-- duration: 14ms -->
      <step title="Cleaning up temp folders from previous zip deployments and extracting pushed zip file /tmp/zipdeploy/f1b89289-b090-41cc-88f8-99c9be366c10.zip (3.82 MB) to /tmp/zipdeploy/extracted" date="2025-04-16T23:20:05.352" >
        <step title="ChmodRecursive Process exited with total time taken in ms: 79" date="2025-04-16T23:20:05.724" /><!-- duration: 6ms -->
      </step><!-- duration: 384ms -->
      <step title="None repository commit" date="2025-04-16T23:20:05.747" >
        <step title="Commit id: ba1eaab9-8643-4099-85c9-40a776f255a0" date="2025-04-16T23:20:05.756" Message="OneDeploy" AuthorName="N/A" AuthorEmail="N/A" /><!-- duration: 5ms -->
      </step><!-- duration: 21ms -->
      <step title="Deployment timer started" date="2025-04-16T23:20:07.793" >
        <step title="DeploymentManager.Deploy(id:ba1eaab9-8643-4099-85c9-40a776f255a0)" date="2025-04-16T23:20:07.801" >
          <step title="Collecting changeset information" date="2025-04-16T23:20:07.836" /><!-- duration: 92ms -->
          <step title="Updating submodules" date="2025-04-16T23:20:07.940" /><!-- duration: 1133ms -->
          <step title="Determining deployment builder" date="2025-04-16T23:20:09.330" >
            <step title="Builder is OneDeployBuilder" date="2025-04-16T23:20:09.351" /><!-- duration: 6ms -->
          </step><!-- duration: 32ms -->
          <step title="PreDeployment: context.CleanOutputPath False" date="2025-04-16T23:20:09.410" >
            <step title="PreDeployment: context.OutputPath /home/site/wwwroot" date="2025-04-16T23:20:09.705" >
              <step title="Building" date="2025-04-16T23:20:09.841" >
                <step title="Modified file to trigger a restart of the app container." date="2025-04-16T23:20:15.674" /><!-- duration: 11ms -->
                <step title="Skip function trigger and logicapp sync because function is not enabled." date="2025-04-16T23:20:15.691" /><!-- duration: 15ms -->
              </step><!-- duration: 6746ms -->
            </step><!-- duration: 6920ms -->
            <step title="Cleaning up temp files" date="2025-04-16T23:20:16.631" /><!-- duration: 14ms -->
            <step title="Cleaning up temp files" date="2025-04-16T23:20:16.653" /><!-- duration: 509ms -->
            <step title="Reloading status file with latest updates" date="2025-04-16T23:20:17.214" >
              <step title="WebHooksManager.PublishEventAsync: PostDeployment" date="2025-04-16T23:20:17.227" /><!-- duration: 91ms -->
            </step><!-- duration: 111ms -->
            <step title="Cleaning up temporary deployment - fetch deployment was successful" date="2025-04-16T23:20:17.336" /><!-- duration: 6ms -->
          </step><!-- duration: 8048ms -->
        </step><!-- duration: 9669ms -->
        <step title="Outgoing response" date="2025-04-16T23:20:17.530" type="response" statusCode="200" statusText="OK" /><!-- duration: 13ms -->
      </step><!-- duration: 9760ms -->
