<step title="Incoming Request" date="2025-04-16T17:13:10.691" instance="bf8ef9" url="/api/deployments/latest" method="GET" type="request" pid="824,1,3" Accept="*/*" Host="thelocalfinder-backend.scm.azurewebsites.net" User-Agent="AZURECLI/2.71.0 (HOMEBREW)" Accept-Encoding="gzip, deflate" Authorization="Bas..." x-ms-client-request-id="fdf153fc-1ae5-11f0-91dc-767d9b444430" X-ARR-LOG-ID="fdf153fc-1ae5-11f0-91dc-767d9b444430" CLIENT-IP="102.191.84.122:52403" X-SITE-DEPLOYMENT-ID="thelocalfinder-backend" WAS-DEFAULT-HOSTNAME="thelocalfinder-backend.scm.azurewebsites.net" X-Forwarded-Proto="https" X-AppService-Proto="https" X-Forwarded-TlsVersion="1.3" X-WAWS-Unencoded-URL="/api/deployments/latest" X-Client-IP="102.191.84.122" X-Client-Port="52403" >
  <step title="Cleanup Xml Logs" date="2025-04-16T17:13:10.715" /><!-- duration: 43ms -->
  <step title="DeploymentService.GetResult" date="2025-04-16T17:13:10.837" >
    <step title="DeploymentService.GetLatestDeployment" date="2025-04-16T17:13:10.855" >
      <step title="DeploymentManager.GetResults" date="2025-04-16T17:13:10.868" /><!-- duration: 285ms -->
      <step title="Deployment 3bdf6dc4-689b-48b5-bf7a-cb4b8e6f2077 is Building" date="2025-04-16T17:13:11.161" /><!-- duration: 6ms -->
    </step><!-- duration: 319ms -->
  </step><!-- duration: 344ms -->
  <step title="Outgoing response" date="2025-04-16T17:13:11.187" type="response" statusCode="202" statusText="Accepted" /><!-- duration: 6ms -->
</step><!-- duration: 508ms -->
