<step title="Incoming Request" date="2025-04-16T17:29:13.568" instance="bf8ef9" url="/api/deployments/latest" method="GET" type="request" pid="824,1,32" Accept="*/*" Host="thelocalfinder-backend.scm.azurewebsites.net" User-Agent="AZURECLI/2.71.0 (HOMEBREW)" Accept-Encoding="gzip, deflate" Authorization="Bas..." x-ms-client-request-id="4376308a-1ae8-11f0-a922-767d9b444430" X-ARR-LOG-ID="4376308a-1ae8-11f0-a922-767d9b444430" CLIENT-IP="102.191.84.122:52848" X-SITE-DEPLOYMENT-ID="thelocalfinder-backend" WAS-DEFAULT-HOSTNAME="thelocalfinder-backend.scm.azurewebsites.net" X-Forwarded-Proto="https" X-AppService-Proto="https" X-Forwarded-TlsVersion="1.3" X-WAWS-Unencoded-URL="/api/deployments/latest" X-Client-IP="102.191.84.122" X-Client-Port="52848" >
  <step title="Cleanup Xml Logs" date="2025-04-16T17:29:13.575" /><!-- duration: 11ms -->
  <step title="DeploymentService.GetResult" date="2025-04-16T17:29:13.598" >
    <step title="DeploymentService.GetLatestDeployment" date="2025-04-16T17:29:13.604" >
      <step title="DeploymentManager.GetResults" date="2025-04-16T17:29:13.611" /><!-- duration: 305ms -->
      <step title="Deployment 2750346f-4676-407d-b8d3-a83136a4aafa is Pending" date="2025-04-16T17:29:13.935" /><!-- duration: 10ms -->
    </step><!-- duration: 368ms -->
  </step><!-- duration: 395ms -->
  <step title="Outgoing response" date="2025-04-16T17:29:14.017" type="response" statusCode="202" statusText="Accepted" /><!-- duration: 68ms -->
</step><!-- duration: 546ms -->
