<step title="Incoming Request" date="2025-04-16T17:40:19.655" instance="bf8ef9" url="/api/publish?type=zip" method="POST" type="request" pid="824,1,3" Accept="*/*" Host="thelocalfinder-backend.scm.azurewebsites.net" User-Agent="AZURECLI/2.71.0 (HOMEBREW)" Accept-Encoding="gzip, deflate" Authorization="Bas..." Cache-Control="no-cache" Content-Type="application/octet-stream" Cookie="ARRAffinity=bf8ef91ccb8fa77b4506825069ff977a4ee74a1061592a5949482f922bad3616; ARRAffinitySameSite=bf8ef91ccb8fa77b4506825069ff977a4ee74a1061592a5949482f922bad3616" Content-Length="3880412" x-ms-client-request-id="d525e934-1ae9-11f0-80de-767d9b444430" x-ms-artifact-checksum="91711df320d0a834e5511e83327bc1ab017839867489c50ed1c778a64389e46e" X-ARR-LOG-ID="d525e934-1ae9-11f0-80de-767d9b444430" CLIENT-IP="102.191.84.122:53178" X-SITE-DEPLOYMENT-ID="thelocalfinder-backend" WAS-DEFAULT-HOSTNAME="thelocalfinder-backend.scm.azurewebsites.net" X-Forwarded-Proto="https" X-AppService-Proto="https" X-Forwarded-TlsVersion="1.3" X-WAWS-Unencoded-URL="/api/publish?type=zip" X-Client-IP="102.191.84.122" X-Client-Port="53178" >
  <step title="OneDeploy" date="2025-04-16T17:40:19.707" >
    <step title="Starting PushDeployAsync" date="2025-04-16T17:40:19.723" /><!-- duration: 5ms -->
    <step title="Writing artifact to /tmp/zipdeploy/5570bb88-5484-4b86-8e6d-68902eb90fd1.zip" date="2025-04-16T17:40:19.748" >
      <step title="Writing multipart request body to /tmp/zipdeploy/5570bb88-5484-4b86-8e6d-68902eb90fd1.zip" date="2025-04-16T17:40:19.754" /><!-- duration: 13ms -->
    </step><!-- duration: 7258ms -->
    <step title="Attempting to fetch target branch HEAD" date="2025-04-16T17:40:27.034" /><!-- duration: 6ms -->
    <step title="Acquiring Deployment Lock" date="2025-04-16T17:40:27.047" /><!-- duration: 6ms -->
    <step title="Acquired Deployment Lock" date="2025-04-16T17:40:27.096" /><!-- duration: 5ms -->
    <step title="Performing fetch based deployment" date="2025-04-16T17:40:27.128" >
      <step title="Creating temporary deployment" date="2025-04-16T17:40:27.139" /><!-- duration: 71ms -->
      <step title="Releasing Deployment Lock" date="2025-04-16T17:40:28.364" /><!-- duration: 10ms -->
      <step title="Cleaning up temp folders from previous zip deployments and extracting pushed zip file /tmp/zipdeploy/5570bb88-5484-4b86-8e6d-68902eb90fd1.zip (3.70 MB) to /tmp/zipdeploy/extracted" date="2025-04-16T17:40:28.437" >
        <step title="ChmodRecursive Process exited with total time taken in ms: 40" date="2025-04-16T17:40:28.751" /><!-- duration: 10ms -->
      </step><!-- duration: 331ms -->
      <step title="None repository commit" date="2025-04-16T17:40:28.780" >
        <step title="Commit id: 9dfd5868-baec-472f-9fd4-c98ac3746d65" date="2025-04-16T17:40:28.785" Message="OneDeploy" AuthorName="N/A" AuthorEmail="N/A" /><!-- duration: 5ms -->
      </step><!-- duration: 15ms -->
      <step title="Deployment timer started" date="2025-04-16T17:40:30.802" >
        <step title="DeploymentManager.Deploy(id:9dfd5868-baec-472f-9fd4-c98ac3746d65)" date="2025-04-16T17:40:30.808" >
          <step title="Collecting changeset information" date="2025-04-16T17:40:30.846" /><!-- duration: 109ms -->
          <step title="Updating submodules" date="2025-04-16T17:40:30.981" /><!-- duration: 1140ms -->
          <step title="Determining deployment builder" date="2025-04-16T17:40:32.343" >
            <step title="Builder is OneDeployBuilder" date="2025-04-16T17:40:32.369" /><!-- duration: 6ms -->
          </step><!-- duration: 37ms -->
          <step title="PreDeployment: context.CleanOutputPath False" date="2025-04-16T17:40:32.434" >
            <step title="PreDeployment: context.OutputPath /home/site/wwwroot" date="2025-04-16T17:40:32.594" >
              <step title="Building" date="2025-04-16T17:40:32.720" >
                <step title="Modified file to trigger a restart of the app container." date="2025-04-16T17:40:37.818" /><!-- duration: 6ms -->
                <step title="Skip function trigger and logicapp sync because function is not enabled." date="2025-04-16T17:40:37.837" /><!-- duration: 8ms -->
              </step><!-- duration: 5972ms -->
            </step><!-- duration: 6118ms -->
            <step title="Cleaning up temp files" date="2025-04-16T17:40:38.718" /><!-- duration: 13ms -->
            <step title="Cleaning up temp files" date="2025-04-16T17:40:38.736" /><!-- duration: 519ms -->
            <step title="Reloading status file with latest updates" date="2025-04-16T17:40:39.288" >
              <step title="WebHooksManager.PublishEventAsync: PostDeployment" date="2025-04-16T17:40:39.295" /><!-- duration: 42ms -->
            </step><!-- duration: 54ms -->
            <step title="Cleaning up temporary deployment - fetch deployment was successful" date="2025-04-16T17:40:39.352" /><!-- duration: 6ms -->
          </step><!-- duration: 7006ms -->
        </step><!-- duration: 8641ms -->
        <step title="Outgoing response" date="2025-04-16T17:40:39.459" type="response" statusCode="200" statusText="OK" /><!-- duration: 7ms -->
      </step><!-- duration: 8670ms -->
