<step title="Incoming Request" date="2025-04-16T16:45:54.873" instance="bf8ef9" url="/api/deployments/latest" method="GET" type="request" pid="825,1,28" Accept="*/*" Host="thelocalfinder-backend.scm.azurewebsites.net" User-Agent="AZURECLI/2.71.0 (HOMEBREW)" Accept-Encoding="gzip, deflate" Authorization="Bas..." x-ms-client-request-id="3031efd8-1ae2-11f0-8e7a-767d9b444430" X-ARR-LOG-ID="3031efd8-1ae2-11f0-8e7a-767d9b444430" CLIENT-IP="102.191.84.122:51774" X-SITE-DEPLOYMENT-ID="thelocalfinder-backend" WAS-DEFAULT-HOSTNAME="thelocalfinder-backend.scm.azurewebsites.net" X-Forwarded-Proto="https" X-AppService-Proto="https" X-Forwarded-TlsVersion="1.3" X-WAWS-Unencoded-URL="/api/deployments/latest" X-Client-IP="102.191.84.122" X-Client-Port="51774" >
  <step title="Cleanup Xml Logs" date="2025-04-16T16:45:54.884" /><!-- duration: 41ms -->
  <step title="DeploymentService.GetResult" date="2025-04-16T16:45:55.057" >
    <step title="DeploymentService.GetLatestDeployment" date="2025-04-16T16:45:55.073" >
      <step title="DeploymentManager.GetResults" date="2025-04-16T16:45:55.086" /><!-- duration: 305ms -->
      <step title="Deployment 28a39b8e-93c2-4e32-9e99-622403c95464 is Building" date="2025-04-16T16:45:55.432" /><!-- duration: 31ms -->
    </step><!-- duration: 429ms -->
  </step><!-- duration: 476ms -->
  <step title="Outgoing response" date="2025-04-16T16:45:55.592" type="response" statusCode="202" statusText="Accepted" /><!-- duration: 11ms -->
</step><!-- duration: 749ms -->
