<step title="Incoming Request" date="2025-04-16T23:38:56.372" instance="bf8ef9" url="/api/zipdeploy?isAsync=true" method="POST" type="request" pid="820,1,7" Accept="*/*" Host="thelocalfinder-backend.scm.azurewebsites.net" User-Agent="AZURECLI/2.71.0 (HOMEBREW)" Accept-Encoding="gzip, deflate" Authorization="Bas..." Cache-Control="no-cache" Content-Type="application/octet-stream" Cookie="ARRAffinity=bf8ef91ccb8fa77b4506825069ff977a4ee74a1061592a5949482f922bad3616; ARRAffinitySameSite=bf8ef91ccb8fa77b4506825069ff977a4ee74a1061592a5949482f922bad3616" Content-Length="4085703" x-ms-client-request-id="ef28223e-1b1b-11f0-9dda-767d9b444430" x-ms-artifact-checksum="ef13a1b2b6b8f97bf3eef28445ec467451e6f1e6629d33c63ff875aa41b92d66" X-ARR-LOG-ID="ef28223e-1b1b-11f0-9dda-767d9b444430" CLIENT-IP="102.191.84.122:54571" X-SITE-DEPLOYMENT-ID="thelocalfinder-backend" WAS-DEFAULT-HOSTNAME="thelocalfinder-backend.scm.azurewebsites.net" X-Forwarded-Proto="https" X-AppService-Proto="https" X-Forwarded-TlsVersion="1.3" X-WAWS-Unencoded-URL="/api/zipdeploy?isAsync=true" X-Client-IP="102.191.84.122" X-Client-Port="54571" >
  <step title="ZipPushDeploy" date="2025-04-16T23:38:56.454" >
    <step title="ZipDeploy. Extract zip." date="2025-04-16T23:38:56.476" /><!-- duration: 8ms -->
    <step title="None repository commit" date="2025-04-16T23:38:56.503" >
      <step title="Commit id: 1694c78d-260c-4400-8f09-b4e313918b66" date="2025-04-16T23:38:56.509" Message="N/A" AuthorName="N/A" AuthorEmail="N/A" /><!-- duration: 6ms -->
    </step><!-- duration: 19ms -->
    <step title="Starting PushDeployAsync" date="2025-04-16T23:38:56.528" /><!-- duration: 7ms -->
    <step title="Writing artifact to /tmp/zipdeploy/5f9cd558-46d5-4ad3-b2b2-503ab325e0e1.zip" date="2025-04-16T23:38:56.578" >
      <step title="Writing multipart request body to /tmp/zipdeploy/5f9cd558-46d5-4ad3-b2b2-503ab325e0e1.zip" date="2025-04-16T23:38:56.589" /><!-- duration: 15ms -->
    </step><!-- duration: 4499ms -->
    <step title="Start deployment in the background" date="2025-04-16T23:39:01.111" >
      <step title="Acquiring Deployment Lock" date="2025-04-16T23:39:01.168" /><!-- duration: 6ms -->
      <step title="Acquired Deployment Lock" date="2025-04-16T23:39:01.229" /><!-- duration: 6ms -->
    </step><!-- duration: 227ms -->
  </step><!-- duration: 4892ms -->
  <step title="Outgoing response" date="2025-04-16T23:39:01.361" type="response" statusCode="202" statusText="Accepted" /><!-- duration: 6ms -->
</step><!-- duration: 5001ms -->
