<step title="Incoming Request" date="2025-04-16T23:22:23.841" instance="bf8ef9" url="/api/publish?type=zip" method="POST" type="request" pid="820,1,28" Accept="*/*" Host="thelocalfinder-backend.scm.azurewebsites.net" User-Agent="AZURECLI/2.71.0 (HOMEBREW)" Accept-Encoding="gzip, deflate" Authorization="Bas..." Cache-Control="no-cache" Content-Type="application/octet-stream" Cookie="ARRAffinity=bf8ef91ccb8fa77b4506825069ff977a4ee74a1061592a5949482f922bad3616; ARRAffinitySameSite=bf8ef91ccb8fa77b4506825069ff977a4ee74a1061592a5949482f922bad3616" Content-Length="4027978" x-ms-client-request-id="a1059106-1b19-11f0-bdc4-767d9b444430" x-ms-artifact-checksum="d7b93d8728c262918a2559ddb264a6e4621401adbcbdacfc0625310fbacd8fd7" X-ARR-LOG-ID="a1059106-1b19-11f0-bdc4-767d9b444430" CLIENT-IP="102.191.84.122:53885" X-SITE-DEPLOYMENT-ID="thelocalfinder-backend" WAS-DEFAULT-HOSTNAME="thelocalfinder-backend.scm.azurewebsites.net" X-Forwarded-Proto="https" X-AppService-Proto="https" X-Forwarded-TlsVersion="1.3" X-WAWS-Unencoded-URL="/api/publish?type=zip" X-Client-IP="102.191.84.122" X-Client-Port="53885" >
  <step title="OneDeploy" date="2025-04-16T23:22:23.856" >
    <step title="Starting PushDeployAsync" date="2025-04-16T23:22:23.871" /><!-- duration: 6ms -->
    <step title="Writing artifact to /tmp/zipdeploy/1b1d504b-fe75-4fc8-bd76-2d17e28b6d75.zip" date="2025-04-16T23:22:23.896" >
      <step title="Writing multipart request body to /tmp/zipdeploy/1b1d504b-fe75-4fc8-bd76-2d17e28b6d75.zip" date="2025-04-16T23:22:23.903" /><!-- duration: 6ms -->
    </step><!-- duration: 8887ms -->
    <step title="Attempting to fetch target branch HEAD" date="2025-04-16T23:22:32.812" /><!-- duration: 6ms -->
    <step title="Acquiring Deployment Lock" date="2025-04-16T23:22:32.833" /><!-- duration: 18ms -->
    <step title="Acquired Deployment Lock" date="2025-04-16T23:22:32.911" /><!-- duration: 5ms -->
    <step title="Performing fetch based deployment" date="2025-04-16T23:22:32.932" >
      <step title="Creating temporary deployment" date="2025-04-16T23:22:32.943" /><!-- duration: 60ms -->
      <step title="Releasing Deployment Lock" date="2025-04-16T23:22:34.189" /><!-- duration: 11ms -->
      <step title="Cleaning up temp folders from previous zip deployments and extracting pushed zip file /tmp/zipdeploy/1b1d504b-fe75-4fc8-bd76-2d17e28b6d75.zip (3.84 MB) to /tmp/zipdeploy/extracted" date="2025-04-16T23:22:34.250" >
        <step title="ChmodRecursive Process exited with total time taken in ms: 40" date="2025-04-16T23:22:34.611" /><!-- duration: 11ms -->
      </step><!-- duration: 379ms -->
      <step title="None repository commit" date="2025-04-16T23:22:34.642" >
        <step title="Commit id: 62085fa9-c394-48f6-a8c2-1fc5bd81f541" date="2025-04-16T23:22:34.648" Message="OneDeploy" AuthorName="N/A" AuthorEmail="N/A" /><!-- duration: 6ms -->
      </step><!-- duration: 18ms -->
      <step title="Deployment timer started" date="2025-04-16T23:22:36.666" >
        <step title="DeploymentManager.Deploy(id:62085fa9-c394-48f6-a8c2-1fc5bd81f541)" date="2025-04-16T23:22:36.678" >
          <step title="Collecting changeset information" date="2025-04-16T23:22:36.716" /><!-- duration: 102ms -->
          <step title="Updating submodules" date="2025-04-16T23:22:36.828" /><!-- duration: 1123ms -->
          <step title="Determining deployment builder" date="2025-04-16T23:22:38.184" >
            <step title="Builder is OneDeployBuilder" date="2025-04-16T23:22:38.207" /><!-- duration: 6ms -->
          </step><!-- duration: 36ms -->
          <step title="PreDeployment: context.CleanOutputPath False" date="2025-04-16T23:22:38.276" >
            <step title="PreDeployment: context.OutputPath /home/site/wwwroot" date="2025-04-16T23:22:38.391" >
              <step title="Building" date="2025-04-16T23:22:38.516" >
                <step title="Modified file to trigger a restart of the app container." date="2025-04-16T23:22:44.160" /><!-- duration: 7ms -->
                <step title="Skip function trigger and logicapp sync because function is not enabled." date="2025-04-16T23:22:44.172" /><!-- duration: 11ms -->
              </step><!-- duration: 6561ms -->
            </step><!-- duration: 6710ms -->
            <step title="Cleaning up temp files" date="2025-04-16T23:22:45.119" /><!-- duration: 11ms -->
            <step title="Cleaning up temp files" date="2025-04-16T23:22:45.136" /><!-- duration: 507ms -->
            <step title="Reloading status file with latest updates" date="2025-04-16T23:22:45.669" >
              <step title="WebHooksManager.PublishEventAsync: PostDeployment" date="2025-04-16T23:22:45.675" /><!-- duration: 53ms -->
            </step><!-- duration: 67ms -->
            <step title="Cleaning up temporary deployment - fetch deployment was successful" date="2025-04-16T23:22:45.749" /><!-- duration: 6ms -->
          </step><!-- duration: 7567ms -->
        </step><!-- duration: 9171ms -->
        <step title="Outgoing response" date="2025-04-16T23:22:45.856" type="response" statusCode="200" statusText="OK" /><!-- duration: 8ms -->
      </step><!-- duration: 9203ms -->
