<step title="BackgroundTrace" date="2025-04-16T17:29:08.725" instance="bf8ef9" url="/api/zipdeploy" method="POST" >
  <step title="Cleanup Xml Logs" date="2025-04-16T17:29:08.732" /><!-- duration: 12ms -->
  <step title="Creating temporary deployment - FetchDeploymentManager" date="2025-04-16T17:29:08.814" /><!-- duration: 6ms -->
  <step title="Creating temporary deployment" date="2025-04-16T17:29:08.828" /><!-- duration: 72ms -->
  <step title="Performing fetch based deployment" date="2025-04-16T17:29:08.974" >
    <step title="Cleaning up temp folders from previous zip deployments and extracting pushed zip file /tmp/zipdeploy/620c251e-5eb7-40f6-82e5-ab64fdcdba78.zip (3.81 MB) to /tmp/zipdeploy/extracted" date="2025-04-16T17:29:10.168" >
      <step title="ChmodRecursive Process exited with total time taken in ms: 41" date="2025-04-16T17:29:10.575" /><!-- duration: 6ms -->
    </step><!-- duration: 419ms -->
    <step title="Deployment timer started" date="2025-04-16T17:29:12.610" >
      <step title="DeploymentManager.Deploy(id:2750346f-4676-407d-b8d3-a83136a4aafa)" date="2025-04-16T17:29:12.623" >
        <step title="Collecting changeset information" date="2025-04-16T17:29:12.675" /><!-- duration: 96ms -->
        <step title="Updating submodules" date="2025-04-16T17:29:12.781" /><!-- duration: 1141ms -->
        <step title="Determining deployment builder" date="2025-04-16T17:29:14.291" >
          <step title="Builder is BasicBuilder" date="2025-04-16T17:29:14.327" /><!-- duration: 6ms -->
        </step><!-- duration: 58ms -->
        <step title="PreDeployment: context.CleanOutputPath False" date="2025-04-16T17:29:14.399" >
          <step title="PreDeployment: context.OutputPath /home/site/wwwroot" date="2025-04-16T17:29:14.512" >
            <step title="Building" date="2025-04-16T17:29:14.643" >
              <step title="Generating deployment script" date="2025-04-16T17:29:14.778" >
                <step title="Using cached version of the deployment script for command: -y --no-dot-deployment -r &quot;/tmp/zipdeploy/extracted&quot; -o &quot;/home/site/deployments/tools&quot; --basic --sitePath &quot;/tmp/zipdeploy/extracted&quot;" date="2025-04-16T17:29:14.852" /><!-- duration: 6ms -->
              </step><!-- duration: 151ms -->
              <step title="Executing external process" date="2025-04-16T17:29:15.158" type="process" path="starter.sh" arguments="&quot;/home/site/deployments/tools/deploy.sh&quot;" /><!-- duration: 2337ms -->
              <step title="Triggering recycle (preview mode disabled)." date="2025-04-16T17:29:17.821" /><!-- duration: 8ms -->
              <step title="Modified file to trigger a restart of the app container." date="2025-04-16T17:29:17.903" /><!-- duration: 9ms -->
              <step title="Skip function trigger and logicapp sync because function is not enabled." date="2025-04-16T17:29:17.934" /><!-- duration: 31ms -->
            </step><!-- duration: 4410ms -->
          </step><!-- duration: 4591ms -->
          <step title="Cleaning up temp files" date="2025-04-16T17:29:19.123" /><!-- duration: 20ms -->
          <step title="Cleaning up temp files" date="2025-04-16T17:29:19.163" /><!-- duration: 534ms -->
          <step title="Reloading status file with latest updates" date="2025-04-16T17:29:19.777" >
            <step title="WebHooksManager.PublishEventAsync: PostDeployment" date="2025-04-16T17:29:19.808" /><!-- duration: 70ms -->
          </step><!-- duration: 112ms -->
          <step title="Cleaning up temporary deployment - fetch deployment was successful" date="2025-04-16T17:29:19.938" /><!-- duration: 12ms -->
        </step><!-- duration: 5713ms -->
      </step><!-- duration: 7591ms -->
