<step title="BackgroundTrace" date="2025-04-16T17:18:55.627" instance="bf8ef9" url="/api/zipdeploy" method="POST" >
  <step title="Cleanup Xml Logs" date="2025-04-16T17:18:55.639" /><!-- duration: 22ms -->
  <step title="Creating temporary deployment - FetchDeploymentManager" date="2025-04-16T17:18:55.788" /><!-- duration: 10ms -->
  <step title="Creating temporary deployment" date="2025-04-16T17:18:55.808" /><!-- duration: 127ms -->
  <step title="Performing fetch based deployment" date="2025-04-16T17:18:56.241" >
    <step title="Cleaning up temp folders from previous zip deployments and extracting pushed zip file /tmp/zipdeploy/dd576039-2367-478f-b5f6-a03af1926aaa.zip (3.77 MB) to /tmp/zipdeploy/extracted" date="2025-04-16T17:18:57.474" >
      <step title="ChmodRecursive Process exited with total time taken in ms: 69" date="2025-04-16T17:18:57.880" /><!-- duration: 10ms -->
    </step><!-- duration: 422ms -->
    <step title="Deployment timer started" date="2025-04-16T17:18:59.916" >
      <step title="DeploymentManager.Deploy(id:c9e4d6f9-f43a-405d-9b2a-27bad4d97b73)" date="2025-04-16T17:18:59.934" >
        <step title="Collecting changeset information" date="2025-04-16T17:18:59.985" /><!-- duration: 106ms -->
        <step title="Updating submodules" date="2025-04-16T17:19:00.102" /><!-- duration: 1158ms -->
        <step title="Determining deployment builder" date="2025-04-16T17:19:01.596" >
          <step title="Builder is BasicBuilder" date="2025-04-16T17:19:01.765" /><!-- duration: 20ms -->
        </step><!-- duration: 221ms -->
        <step title="PreDeployment: context.CleanOutputPath False" date="2025-04-16T17:19:01.948" >
          <step title="PreDeployment: context.OutputPath /home/site/wwwroot" date="2025-04-16T17:19:02.693" >
            <step title="Building" date="2025-04-16T17:19:02.833" >
              <step title="Generating deployment script" date="2025-04-16T17:19:02.960" >
                <step title="Using cached version of the deployment script for command: -y --no-dot-deployment -r &quot;/tmp/zipdeploy/extracted&quot; -o &quot;/home/site/deployments/tools&quot; --basic --sitePath &quot;/tmp/zipdeploy/extracted&quot;" date="2025-04-16T17:19:03.033" /><!-- duration: 5ms -->
              </step><!-- duration: 144ms -->
              <step title="Executing external process" date="2025-04-16T17:19:03.741" type="process" path="starter.sh" arguments="&quot;/home/site/deployments/tools/deploy.sh&quot;" /><!-- duration: 3500ms -->
              <step title="Triggering recycle (preview mode disabled)." date="2025-04-16T17:19:07.845" /><!-- duration: 21ms -->
              <step title="Modified file to trigger a restart of the app container." date="2025-04-16T17:19:07.966" /><!-- duration: 18ms -->
              <step title="Skip function trigger and logicapp sync because function is not enabled." date="2025-04-16T17:19:08.005" /><!-- duration: 60ms -->
            </step><!-- duration: 6632ms -->
          </step><!-- duration: 6843ms -->
          <step title="Cleaning up temp files" date="2025-04-16T17:19:09.587" /><!-- duration: 38ms -->
          <step title="Cleaning up temp files" date="2025-04-16T17:19:09.665" /><!-- duration: 543ms -->
          <step title="Reloading status file with latest updates" date="2025-04-16T17:19:10.350" >
            <step title="WebHooksManager.PublishEventAsync: PostDeployment" date="2025-04-16T17:19:10.389" /><!-- duration: 123ms -->
          </step><!-- duration: 192ms -->
          <step title="Cleaning up temporary deployment - fetch deployment was successful" date="2025-04-16T17:19:10.572" /><!-- duration: 18ms -->
        </step><!-- duration: 8773ms -->
      </step><!-- duration: 10918ms -->
