<step title="Incoming Request" date="2025-04-16T17:00:37.528" instance="bf8ef9" url="/api/zipdeploy?isAsync=true" method="POST" type="request" pid="824,1,7" Accept="*/*" Host="thelocalfinder-backend.scm.azurewebsites.net" User-Agent="AZURECLI/2.71.0 (HOMEBREW)" Accept-Encoding="gzip, deflate" Authorization="Bas..." Cache-Control="no-cache" Content-Type="application/octet-stream" Cookie="ARRAffinity=bf8ef91ccb8fa77b4506825069ff977a4ee74a1061592a5949482f922bad3616; ARRAffinitySameSite=bf8ef91ccb8fa77b4506825069ff977a4ee74a1061592a5949482f922bad3616" Content-Length="3935182" x-ms-client-request-id="4cd183ea-1ae4-11f0-8d59-767d9b444430" x-ms-artifact-checksum="0c397b6e33bce507808af6c61a19230eb6dc19b4e61789685ddc9ad80537211d" X-ARR-LOG-ID="4cd183ea-1ae4-11f0-8d59-767d9b444430" CLIENT-IP="102.191.84.122:52086" X-SITE-DEPLOYMENT-ID="thelocalfinder-backend" WAS-DEFAULT-HOSTNAME="thelocalfinder-backend.scm.azurewebsites.net" X-Forwarded-Proto="https" X-AppService-Proto="https" X-Forwarded-TlsVersion="1.3" X-WAWS-Unencoded-URL="/api/zipdeploy?isAsync=true" X-Client-IP="102.191.84.122" X-Client-Port="52086" >
  <step title="ZipPushDeploy" date="2025-04-16T17:00:37.629" >
    <step title="ZipDeploy. Extract zip." date="2025-04-16T17:00:37.663" /><!-- duration: 6ms -->
    <step title="None repository commit" date="2025-04-16T17:00:37.685" >
      <step title="Commit id: e6211bd8-8c4c-40b1-943c-b1a3dc213f3a" date="2025-04-16T17:00:37.703" Message="N/A" AuthorName="N/A" AuthorEmail="N/A" /><!-- duration: 7ms -->
    </step><!-- duration: 32ms -->
    <step title="Starting PushDeployAsync" date="2025-04-16T17:00:37.722" /><!-- duration: 6ms -->
    <step title="Writing artifact to /tmp/zipdeploy/a5bcb2d4-79e4-4cd0-8d3e-6230c3420258.zip" date="2025-04-16T17:00:37.778" >
      <step title="Writing multipart request body to /tmp/zipdeploy/a5bcb2d4-79e4-4cd0-8d3e-6230c3420258.zip" date="2025-04-16T17:00:37.820" /><!-- duration: 19ms -->
    </step><!-- duration: 7069ms -->
    <step title="Start deployment in the background" date="2025-04-16T17:00:44.875" >
      <step title="Acquiring Deployment Lock" date="2025-04-16T17:00:44.938" /><!-- duration: 6ms -->
      <step title="Acquired Deployment Lock" date="2025-04-16T17:00:45.001" /><!-- duration: 5ms -->
    </step><!-- duration: 227ms -->
  </step><!-- duration: 7486ms -->
  <step title="Outgoing response" date="2025-04-16T17:00:45.131" type="response" statusCode="202" statusText="Accepted" /><!-- duration: 6ms -->
</step><!-- duration: 7615ms -->
