<step title="Incoming Request" date="2025-04-16T23:49:17.396" instance="bf8ef9" url="/api/publish?type=zip" method="POST" type="request" pid="820,1,20" Accept="*/*" Host="thelocalfinder-backend.scm.azurewebsites.net" User-Agent="AZURECLI/2.71.0 (HOMEBREW)" Accept-Encoding="gzip, deflate" Authorization="Bas..." Cache-Control="no-cache" Content-Type="application/octet-stream" Cookie="ARRAffinity=bf8ef91ccb8fa77b4506825069ff977a4ee74a1061592a5949482f922bad3616; ARRAffinitySameSite=bf8ef91ccb8fa77b4506825069ff977a4ee74a1061592a5949482f922bad3616" Content-Length="3750895" x-ms-client-request-id="61907a14-1b1d-11f0-8f9e-767d9b444430" x-ms-artifact-checksum="feead60a7b09bb6b077ebd9917fc1678ac814901d0aa065c060db25d65c8afe6" X-ARR-LOG-ID="61907a14-1b1d-11f0-8f9e-767d9b444430" CLIENT-IP="102.191.84.122:54859" X-SITE-DEPLOYMENT-ID="thelocalfinder-backend" WAS-DEFAULT-HOSTNAME="thelocalfinder-backend.scm.azurewebsites.net" X-Forwarded-Proto="https" X-AppService-Proto="https" X-Forwarded-TlsVersion="1.3" X-WAWS-Unencoded-URL="/api/publish?type=zip" X-Client-IP="102.191.84.122" X-Client-Port="54859" >
  <step title="OneDeploy" date="2025-04-16T23:49:17.509" >
    <step title="Starting PushDeployAsync" date="2025-04-16T23:49:17.539" /><!-- duration: 18ms -->
    <step title="Writing artifact to /tmp/zipdeploy/2cb16d5d-0295-4cc9-836a-ba5250781d8f.zip" date="2025-04-16T23:49:17.621" >
      <step title="Writing multipart request body to /tmp/zipdeploy/2cb16d5d-0295-4cc9-836a-ba5250781d8f.zip" date="2025-04-16T23:49:17.628" /><!-- duration: 23ms -->
    </step><!-- duration: 5902ms -->
    <step title="Attempting to fetch target branch HEAD" date="2025-04-16T23:49:23.551" /><!-- duration: 9ms -->
    <step title="Acquiring Deployment Lock" date="2025-04-16T23:49:23.573" /><!-- duration: 5ms -->
    <step title="Acquired Deployment Lock" date="2025-04-16T23:49:23.615" /><!-- duration: 6ms -->
    <step title="Performing fetch based deployment" date="2025-04-16T23:49:23.637" >
      <step title="Creating temporary deployment" date="2025-04-16T23:49:23.653" /><!-- duration: 63ms -->
      <step title="Releasing Deployment Lock" date="2025-04-16T23:49:24.868" /><!-- duration: 14ms -->
      <step title="Cleaning up temp folders from previous zip deployments and extracting pushed zip file /tmp/zipdeploy/2cb16d5d-0295-4cc9-836a-ba5250781d8f.zip (3.58 MB) to /tmp/zipdeploy/extracted" date="2025-04-16T23:49:24.946" >
        <step title="ChmodRecursive Process exited with total time taken in ms: 50" date="2025-04-16T23:49:25.278" /><!-- duration: 6ms -->
      </step><!-- duration: 345ms -->
      <step title="None repository commit" date="2025-04-16T23:49:25.307" >
        <step title="Commit id: f33b1a51-a60a-4c9f-920b-ba95141902ef" date="2025-04-16T23:49:25.314" Message="OneDeploy" AuthorName="N/A" AuthorEmail="N/A" /><!-- duration: 6ms -->
      </step><!-- duration: 18ms -->
      <step title="Deployment timer started" date="2025-04-16T23:49:27.333" >
        <step title="DeploymentManager.Deploy(id:f33b1a51-a60a-4c9f-920b-ba95141902ef)" date="2025-04-16T23:49:27.346" >
          <step title="Collecting changeset information" date="2025-04-16T23:49:27.382" /><!-- duration: 94ms -->
          <step title="Updating submodules" date="2025-04-16T23:49:27.487" /><!-- duration: 1227ms -->
          <step title="Determining deployment builder" date="2025-04-16T23:49:28.929" >
            <step title="Builder is OneDeployBuilder" date="2025-04-16T23:49:28.951" /><!-- duration: 6ms -->
          </step><!-- duration: 33ms -->
          <step title="PreDeployment: context.CleanOutputPath False" date="2025-04-16T23:49:29.014" >
            <step title="PreDeployment: context.OutputPath /home/site/wwwroot" date="2025-04-16T23:49:29.136" >
              <step title="Building" date="2025-04-16T23:49:29.269" >
                <step title="Modified file to trigger a restart of the app container." date="2025-04-16T23:49:32.237" /><!-- duration: 10ms -->
                <step title="Skip function trigger and logicapp sync because function is not enabled." date="2025-04-16T23:49:32.254" /><!-- duration: 12ms -->
                <step title="Purge deployment items" date="2025-04-16T23:49:33.234" >
                  <step title="Remove e6211bd8-, Success, received at 04/16/2025 17:00:48" date="2025-04-16T23:49:33.299" /><!-- duration: 7ms -->
                </step><!-- duration: 78ms -->
              </step><!-- duration: 4121ms -->
            </step><!-- duration: 4270ms -->
            <step title="Cleaning up temp files" date="2025-04-16T23:49:33.413" /><!-- duration: 7ms -->
            <step title="Cleaning up temp files" date="2025-04-16T23:49:33.431" /><!-- duration: 509ms -->
            <step title="Reloading status file with latest updates" date="2025-04-16T23:49:33.989" >
              <step title="WebHooksManager.PublishEventAsync: PostDeployment" date="2025-04-16T23:49:33.999" /><!-- duration: 56ms -->
            </step><!-- duration: 72ms -->
            <step title="Cleaning up temporary deployment - fetch deployment was successful" date="2025-04-16T23:49:34.076" /><!-- duration: 8ms -->
          </step><!-- duration: 5153ms -->
        </step><!-- duration: 6829ms -->
        <step title="Outgoing response" date="2025-04-16T23:49:34.183" type="response" statusCode="200" statusText="OK" /><!-- duration: 6ms -->
      </step><!-- duration: 6863ms -->
