<step title="Incoming Request" date="2025-04-16T23:39:07.214" instance="bf8ef9" url="/api/deployments/latest" method="GET" type="request" pid="820,1,17" Accept="*/*" Host="thelocalfinder-backend.scm.azurewebsites.net" User-Agent="AZURECLI/2.71.0 (HOMEBREW)" Accept-Encoding="gzip, deflate" Authorization="Bas..." x-ms-client-request-id="ef28223e-1b1b-11f0-9dda-767d9b444430" X-ARR-LOG-ID="ef28223e-1b1b-11f0-9dda-767d9b444430" CLIENT-IP="102.191.84.122:54577" X-SITE-DEPLOYMENT-ID="thelocalfinder-backend" WAS-DEFAULT-HOSTNAME="thelocalfinder-backend.scm.azurewebsites.net" X-Forwarded-Proto="https" X-AppService-Proto="https" X-Forwarded-TlsVersion="1.3" X-WAWS-Unencoded-URL="/api/deployments/latest" X-Client-IP="102.191.84.122" X-Client-Port="54577" >
  <step title="Cleanup Xml Logs" date="2025-04-16T23:39:07.227" /><!-- duration: 64ms -->
  <step title="DeploymentService.GetResult" date="2025-04-16T23:39:07.419" >
    <step title="DeploymentService.GetLatestDeployment" date="2025-04-16T23:39:07.434" >
      <step title="DeploymentManager.GetResults" date="2025-04-16T23:39:07.445" /><!-- duration: 670ms -->
      <step title="Deployment 1694c78d-260c-4400-8f09-b4e313918b66 is Building" date="2025-04-16T23:39:08.120" /><!-- duration: 6ms -->
    </step><!-- duration: 701ms -->
  </step><!-- duration: 721ms -->
  <step title="Outgoing response" date="2025-04-16T23:39:08.152" type="response" statusCode="202" statusText="Accepted" /><!-- duration: 16ms -->
</step><!-- duration: 959ms -->
