<step title="Incoming Request" date="2025-04-16T17:12:57.996" instance="bf8ef9" url="/api/zipdeploy?isAsync=true" method="POST" type="request" pid="824,1,22" Accept="*/*" Host="thelocalfinder-backend.scm.azurewebsites.net" User-Agent="AZURECLI/2.71.0 (HOMEBREW)" Accept-Encoding="gzip, deflate" Authorization="Bas..." Cache-Control="no-cache" Content-Type="application/octet-stream" Cookie="ARRAffinity=bf8ef91ccb8fa77b4506825069ff977a4ee74a1061592a5949482f922bad3616; ARRAffinitySameSite=bf8ef91ccb8fa77b4506825069ff977a4ee74a1061592a5949482f922bad3616" Content-Length="3953897" x-ms-client-request-id="fdf153fc-1ae5-11f0-91dc-767d9b444430" x-ms-artifact-checksum="402ac622a26e7b964f6ce72488897be043f48b7e06542a459325596750118071" X-ARR-LOG-ID="fdf153fc-1ae5-11f0-91dc-767d9b444430" CLIENT-IP="102.191.84.122:52396" X-SITE-DEPLOYMENT-ID="thelocalfinder-backend" WAS-DEFAULT-HOSTNAME="thelocalfinder-backend.scm.azurewebsites.net" X-Forwarded-Proto="https" X-AppService-Proto="https" X-Forwarded-TlsVersion="1.3" X-WAWS-Unencoded-URL="/api/zipdeploy?isAsync=true" X-Client-IP="102.191.84.122" X-Client-Port="52396" >
  <step title="ZipPushDeploy" date="2025-04-16T17:12:58.019" >
    <step title="ZipDeploy. Extract zip." date="2025-04-16T17:12:58.036" /><!-- duration: 6ms -->
    <step title="Starting PushDeployAsync" date="2025-04-16T17:12:58.052" /><!-- duration: 6ms -->
    <step title="Writing artifact to /tmp/zipdeploy/aaaf16e5-9052-4fc9-952b-d000b6611637.zip" date="2025-04-16T17:12:58.094" >
      <step title="Writing multipart request body to /tmp/zipdeploy/aaaf16e5-9052-4fc9-952b-d000b6611637.zip" date="2025-04-16T17:12:58.104" /><!-- duration: 16ms -->
    </step><!-- duration: 6753ms -->
    <step title="Start deployment in the background" date="2025-04-16T17:13:04.867" >
      <step title="Acquiring Deployment Lock" date="2025-04-16T17:13:04.907" /><!-- duration: 6ms -->
      <step title="Acquired Deployment Lock" date="2025-04-16T17:13:04.951" /><!-- duration: 5ms -->
    </step><!-- duration: 208ms -->
  </step><!-- duration: 7069ms -->
  <step title="Outgoing response" date="2025-04-16T17:13:05.096" type="response" statusCode="202" statusText="Accepted" /><!-- duration: 6ms -->
</step><!-- duration: 7112ms -->
