<step title="BackgroundTrace" date="2025-04-16T17:13:04.878" instance="bf8ef9" url="/api/zipdeploy" method="POST" >
  <step title="Cleanup Xml Logs" date="2025-04-16T17:13:04.884" /><!-- duration: 11ms -->
  <step title="Creating temporary deployment - FetchDeploymentManager" date="2025-04-16T17:13:04.961" /><!-- duration: 5ms -->
  <step title="Creating temporary deployment" date="2025-04-16T17:13:04.979" /><!-- duration: 83ms -->
  <step title="Performing fetch based deployment" date="2025-04-16T17:13:05.151" >
    <step title="Cleaning up temp folders from previous zip deployments and extracting pushed zip file /tmp/zipdeploy/aaaf16e5-9052-4fc9-952b-d000b6611637.zip (3.77 MB) to /tmp/zipdeploy/extracted" date="2025-04-16T17:13:06.345" >
      <step title="ChmodRecursive Process exited with total time taken in ms: 39" date="2025-04-16T17:13:06.729" /><!-- duration: 11ms -->
    </step><!-- duration: 403ms -->
    <step title="Deployment timer started" date="2025-04-16T17:13:08.772" >
      <step title="DeploymentManager.Deploy(id:3bdf6dc4-689b-48b5-bf7a-cb4b8e6f2077)" date="2025-04-16T17:13:08.785" >
        <step title="Collecting changeset information" date="2025-04-16T17:13:08.844" /><!-- duration: 103ms -->
        <step title="Updating submodules" date="2025-04-16T17:13:08.958" /><!-- duration: 1165ms -->
        <step title="Determining deployment builder" date="2025-04-16T17:13:10.383" >
          <step title="Builder is BasicBuilder" date="2025-04-16T17:13:10.420" /><!-- duration: 5ms -->
        </step><!-- duration: 48ms -->
        <step title="PreDeployment: context.CleanOutputPath False" date="2025-04-16T17:13:10.495" >
          <step title="PreDeployment: context.OutputPath /home/site/wwwroot" date="2025-04-16T17:13:10.678" >
            <step title="Building" date="2025-04-16T17:13:10.922" >
              <step title="Generating deployment script" date="2025-04-16T17:13:11.314" >
                <step title="Using cached version of the deployment script for command: -y --no-dot-deployment -r &quot;/tmp/zipdeploy/extracted&quot; -o &quot;/home/site/deployments/tools&quot; --basic --sitePath &quot;/tmp/zipdeploy/extracted&quot;" date="2025-04-16T17:13:11.403" /><!-- duration: 5ms -->
              </step><!-- duration: 154ms -->
              <step title="Executing external process" date="2025-04-16T17:13:11.643" type="process" path="starter.sh" arguments="&quot;/home/site/deployments/tools/deploy.sh&quot;" /><!-- duration: 1802ms -->
              <step title="Triggering recycle (preview mode disabled)." date="2025-04-16T17:13:13.776" /><!-- duration: 8ms -->
              <step title="Modified file to trigger a restart of the app container." date="2025-04-16T17:13:13.828" /><!-- duration: 6ms -->
              <step title="Skip function trigger and logicapp sync because function is not enabled." date="2025-04-16T17:13:13.841" /><!-- duration: 24ms -->
            </step><!-- duration: 3682ms -->
          </step><!-- duration: 3939ms -->
          <step title="Cleaning up temp files" date="2025-04-16T17:13:14.622" /><!-- duration: 12ms -->
          <step title="Cleaning up temp files" date="2025-04-16T17:13:14.645" /><!-- duration: 509ms -->
          <step title="Reloading status file with latest updates" date="2025-04-16T17:13:15.191" >
            <step title="WebHooksManager.PublishEventAsync: PostDeployment" date="2025-04-16T17:13:15.209" /><!-- duration: 50ms -->
          </step><!-- duration: 73ms -->
          <step title="Cleaning up temporary deployment - fetch deployment was successful" date="2025-04-16T17:13:15.275" /><!-- duration: 9ms -->
        </step><!-- duration: 4880ms -->
      </step><!-- duration: 6620ms -->
