<step title="BackgroundTrace" date="2025-04-16T23:39:01.127" instance="bf8ef9" url="/api/zipdeploy" method="POST" >
  <step title="Cleanup Xml Logs" date="2025-04-16T23:39:01.133" /><!-- duration: 13ms -->
  <step title="Creating temporary deployment - FetchDeploymentManager" date="2025-04-16T23:39:01.240" /><!-- duration: 5ms -->
  <step title="Creating temporary deployment" date="2025-04-16T23:39:01.257" /><!-- duration: 74ms -->
  <step title="Performing fetch based deployment" date="2025-04-16T23:39:01.434" >
    <step title="Cleaning up temp folders from previous zip deployments and extracting pushed zip file /tmp/zipdeploy/5f9cd558-46d5-4ad3-b2b2-503ab325e0e1.zip (3.90 MB) to /tmp/zipdeploy/extracted" date="2025-04-16T23:39:02.689" >
      <step title="ChmodRecursive Process exited with total time taken in ms: 79" date="2025-04-16T23:39:03.122" /><!-- duration: 5ms -->
    </step><!-- duration: 444ms -->
    <step title="Deployment timer started" date="2025-04-16T23:39:05.161" >
      <step title="DeploymentManager.Deploy(id:1694c78d-260c-4400-8f09-b4e313918b66)" date="2025-04-16T23:39:05.181" >
        <step title="Collecting changeset information" date="2025-04-16T23:39:05.243" /><!-- duration: 98ms -->
        <step title="Updating submodules" date="2025-04-16T23:39:05.352" /><!-- duration: 1142ms -->
        <step title="Determining deployment builder" date="2025-04-16T23:39:06.726" >
          <step title="Builder is BasicBuilder" date="2025-04-16T23:39:06.764" /><!-- duration: 5ms -->
        </step><!-- duration: 67ms -->
        <step title="PreDeployment: context.CleanOutputPath False" date="2025-04-16T23:39:06.896" >
          <step title="PreDeployment: context.OutputPath /home/site/wwwroot" date="2025-04-16T23:39:07.010" >
            <step title="Building" date="2025-04-16T23:39:07.155" >
              <step title="Generating deployment script" date="2025-04-16T23:39:07.337" >
                <step title="Using cached version of the deployment script for command: -y --no-dot-deployment -r &quot;/tmp/zipdeploy/extracted&quot; -o &quot;/home/site/deployments/tools&quot; --basic --sitePath &quot;/tmp/zipdeploy/extracted&quot;" date="2025-04-16T23:39:07.464" /><!-- duration: 29ms -->
              </step><!-- duration: 243ms -->
              <step title="Executing external process" date="2025-04-16T23:39:08.343" type="process" path="starter.sh" arguments="&quot;/home/site/deployments/tools/deploy.sh&quot;" /><!-- duration: 2607ms -->
              <step title="Triggering recycle (preview mode disabled)." date="2025-04-16T23:39:11.356" /><!-- duration: 8ms -->
              <step title="Modified file to trigger a restart of the app container." date="2025-04-16T23:39:11.405" /><!-- duration: 6ms -->
              <step title="Skip function trigger and logicapp sync because function is not enabled." date="2025-04-16T23:39:11.421" /><!-- duration: 20ms -->
              <step title="Purge deployment items" date="2025-04-16T23:39:12.472" >
                <step title="Remove 28a39b8e-, Success, received at 04/16/2025 16:45:53" date="2025-04-16T23:39:12.549" /><!-- duration: 6ms -->
              </step><!-- duration: 89ms -->
            </step><!-- duration: 5494ms -->
          </step><!-- duration: 5653ms -->
          <step title="Cleaning up temp files" date="2025-04-16T23:39:12.673" /><!-- duration: 11ms -->
          <step title="Cleaning up temp files" date="2025-04-16T23:39:12.694" /><!-- duration: 513ms -->
          <step title="Reloading status file with latest updates" date="2025-04-16T23:39:13.253" >
            <step title="WebHooksManager.PublishEventAsync: PostDeployment" date="2025-04-16T23:39:13.281" /><!-- duration: 86ms -->
          </step><!-- duration: 124ms -->
          <step title="Cleaning up temporary deployment - fetch deployment was successful" date="2025-04-16T23:39:13.389" /><!-- duration: 5ms -->
        </step><!-- duration: 6584ms -->
      </step><!-- duration: 8356ms -->
