<step title="Incoming Request" date="2025-04-16T17:29:00.998" instance="bf8ef9" url="/api/zipdeploy?isAsync=true" method="POST" type="request" pid="824,1,32" Accept="*/*" Host="thelocalfinder-backend.scm.azurewebsites.net" User-Agent="AZURECLI/2.71.0 (HOMEBREW)" Accept-Encoding="gzip, deflate" Authorization="Bas..." Cache-Control="no-cache" Content-Type="application/octet-stream" Cookie="ARRAffinity=bf8ef91ccb8fa77b4506825069ff977a4ee74a1061592a5949482f922bad3616; ARRAffinitySameSite=bf8ef91ccb8fa77b4506825069ff977a4ee74a1061592a5949482f922bad3616" Content-Length="3990205" x-ms-client-request-id="4376308a-1ae8-11f0-a922-767d9b444430" x-ms-artifact-checksum="65a8f69af97960f981cb1a05f00ee0e67a714d59980cd4feb27279a6eb1dcf81" X-ARR-LOG-ID="4376308a-1ae8-11f0-a922-767d9b444430" CLIENT-IP="102.191.84.122:52842" X-SITE-DEPLOYMENT-ID="thelocalfinder-backend" WAS-DEFAULT-HOSTNAME="thelocalfinder-backend.scm.azurewebsites.net" X-Forwarded-Proto="https" X-AppService-Proto="https" X-Forwarded-TlsVersion="1.3" X-WAWS-Unencoded-URL="/api/zipdeploy?isAsync=true" X-Client-IP="102.191.84.122" X-Client-Port="52842" >
  <step title="ZipPushDeploy" date="2025-04-16T17:29:01.025" >
    <step title="ZipDeploy. Extract zip." date="2025-04-16T17:29:01.063" /><!-- duration: 6ms -->
    <step title="Starting PushDeployAsync" date="2025-04-16T17:29:01.078" /><!-- duration: 5ms -->
    <step title="Writing artifact to /tmp/zipdeploy/620c251e-5eb7-40f6-82e5-ab64fdcdba78.zip" date="2025-04-16T17:29:01.109" >
      <step title="Writing multipart request body to /tmp/zipdeploy/620c251e-5eb7-40f6-82e5-ab64fdcdba78.zip" date="2025-04-16T17:29:01.116" /><!-- duration: 18ms -->
    </step><!-- duration: 7556ms -->
    <step title="Start deployment in the background" date="2025-04-16T17:29:08.709" >
      <step title="Acquiring Deployment Lock" date="2025-04-16T17:29:08.756" /><!-- duration: 5ms -->
      <step title="Acquired Deployment Lock" date="2025-04-16T17:29:08.803" /><!-- duration: 6ms -->
    </step><!-- duration: 196ms -->
  </step><!-- duration: 7888ms -->
  <step title="Outgoing response" date="2025-04-16T17:29:08.919" type="response" statusCode="202" statusText="Accepted" /><!-- duration: 6ms -->
</step><!-- duration: 7932ms -->
