<step title="Incoming Request" date="2025-04-16T17:18:47.845" instance="bf8ef9" url="/api/zipdeploy?isAsync=true" method="POST" type="request" pid="824,1,26" Accept="*/*" Host="thelocalfinder-backend.scm.azurewebsites.net" User-Agent="AZURECLI/2.71.0 (HOMEBREW)" Accept-Encoding="gzip, deflate" Authorization="Bas..." Cache-Control="no-cache" Content-Type="application/octet-stream" Cookie="ARRAffinity=bf8ef91ccb8fa77b4506825069ff977a4ee74a1061592a5949482f922bad3616; ARRAffinitySameSite=bf8ef91ccb8fa77b4506825069ff977a4ee74a1061592a5949482f922bad3616" Content-Length="3953897" x-ms-client-request-id="d6fadbf0-1ae6-11f0-b383-767d9b444430" x-ms-artifact-checksum="0278c7e573e9781a101226a2457db2f218051ca397c8aa6bc7de5885fc2c2fd9" X-ARR-LOG-ID="d6fadbf0-1ae6-11f0-b383-767d9b444430" CLIENT-IP="102.191.84.122:52562" X-SITE-DEPLOYMENT-ID="thelocalfinder-backend" WAS-DEFAULT-HOSTNAME="thelocalfinder-backend.scm.azurewebsites.net" X-Forwarded-Proto="https" X-AppService-Proto="https" X-Forwarded-TlsVersion="1.3" X-WAWS-Unencoded-URL="/api/zipdeploy?isAsync=true" X-Client-IP="102.191.84.122" X-Client-Port="52562" >
  <step title="ZipPushDeploy" date="2025-04-16T17:18:48.006" >
    <step title="ZipDeploy. Extract zip." date="2025-04-16T17:18:48.054" /><!-- duration: 12ms -->
    <step title="Starting PushDeployAsync" date="2025-04-16T17:18:48.086" /><!-- duration: 11ms -->
    <step title="Writing artifact to /tmp/zipdeploy/dd576039-2367-478f-b5f6-a03af1926aaa.zip" date="2025-04-16T17:18:48.131" >
      <step title="Writing multipart request body to /tmp/zipdeploy/dd576039-2367-478f-b5f6-a03af1926aaa.zip" date="2025-04-16T17:18:48.137" /><!-- duration: 17ms -->
    </step><!-- duration: 7445ms -->
    <step title="Start deployment in the background" date="2025-04-16T17:18:55.609" >
      <step title="Acquiring Deployment Lock" date="2025-04-16T17:18:55.680" /><!-- duration: 9ms -->
      <step title="Acquired Deployment Lock" date="2025-04-16T17:18:55.751" /><!-- duration: 19ms -->
    </step><!-- duration: 335ms -->
  </step><!-- duration: 7974ms -->
  <step title="Outgoing response" date="2025-04-16T17:18:56.060" type="response" statusCode="202" statusText="Accepted" /><!-- duration: 22ms -->
</step><!-- duration: 8247ms -->
