<step title="Incoming Request" date="2025-04-16T23:23:57.980" instance="bf8ef9" url="/api/publish?type=zip" method="POST" type="request" pid="820,1,34" Accept="*/*" Host="thelocalfinder-backend.scm.azurewebsites.net" User-Agent="AZURECLI/2.71.0 (HOMEBREW)" Accept-Encoding="gzip, deflate" Authorization="Bas..." Cache-Control="no-cache" Content-Type="application/octet-stream" Cookie="ARRAffinity=bf8ef91ccb8fa77b4506825069ff977a4ee74a1061592a5949482f922bad3616; ARRAffinitySameSite=bf8ef91ccb8fa77b4506825069ff977a4ee74a1061592a5949482f922bad3616" Content-Length="4047333" x-ms-client-request-id="d876ce66-1b19-11f0-875d-767d9b444430" x-ms-artifact-checksum="5ad7a2586c55ebf5aaee54981731ef6a7c6264d86d8a58169e762b42775ad514" X-ARR-LOG-ID="d876ce66-1b19-11f0-875d-767d9b444430" CLIENT-IP="102.191.84.122:53977" X-SITE-DEPLOYMENT-ID="thelocalfinder-backend" WAS-DEFAULT-HOSTNAME="thelocalfinder-backend.scm.azurewebsites.net" X-Forwarded-Proto="https" X-AppService-Proto="https" X-Forwarded-TlsVersion="1.3" X-WAWS-Unencoded-URL="/api/publish?type=zip" X-Client-IP="102.191.84.122" X-Client-Port="53977" >
  <step title="OneDeploy" date="2025-04-16T23:23:58.000" >
    <step title="Starting PushDeployAsync" date="2025-04-16T23:23:58.015" /><!-- duration: 7ms -->
    <step title="Writing artifact to /tmp/zipdeploy/af79e7a3-0595-44bc-9ab0-e57bf64d160a.zip" date="2025-04-16T23:23:58.046" >
      <step title="Writing multipart request body to /tmp/zipdeploy/af79e7a3-0595-44bc-9ab0-e57bf64d160a.zip" date="2025-04-16T23:23:58.054" /><!-- duration: 14ms -->
    </step><!-- duration: 9996ms -->
    <step title="Attempting to fetch target branch HEAD" date="2025-04-16T23:24:08.075" /><!-- duration: 6ms -->
    <step title="Acquiring Deployment Lock" date="2025-04-16T23:24:08.090" /><!-- duration: 6ms -->
    <step title="Acquired Deployment Lock" date="2025-04-16T23:24:08.138" /><!-- duration: 5ms -->
    <step title="Performing fetch based deployment" date="2025-04-16T23:24:08.157" >
      <step title="Creating temporary deployment" date="2025-04-16T23:24:08.172" /><!-- duration: 58ms -->
      <step title="Releasing Deployment Lock" date="2025-04-16T23:24:09.408" /><!-- duration: 11ms -->
      <step title="Cleaning up temp folders from previous zip deployments and extracting pushed zip file /tmp/zipdeploy/af79e7a3-0595-44bc-9ab0-e57bf64d160a.zip (3.86 MB) to /tmp/zipdeploy/extracted" date="2025-04-16T23:24:09.476" >
        <step title="ChmodRecursive Process exited with total time taken in ms: 31" date="2025-04-16T23:24:09.971" /><!-- duration: 11ms -->
      </step><!-- duration: 511ms -->
      <step title="None repository commit" date="2025-04-16T23:24:09.999" >
        <step title="Commit id: 1c148ba4-1c95-4d04-9204-2054cd0c47d1" date="2025-04-16T23:24:10.005" Message="OneDeploy" AuthorName="N/A" AuthorEmail="N/A" /><!-- duration: 6ms -->
      </step><!-- duration: 18ms -->
      <step title="Deployment timer started" date="2025-04-16T23:24:12.023" >
        <step title="DeploymentManager.Deploy(id:1c148ba4-1c95-4d04-9204-2054cd0c47d1)" date="2025-04-16T23:24:12.035" >
          <step title="Collecting changeset information" date="2025-04-16T23:24:12.072" /><!-- duration: 86ms -->
          <step title="Updating submodules" date="2025-04-16T23:24:12.170" /><!-- duration: 1130ms -->
          <step title="Determining deployment builder" date="2025-04-16T23:24:13.546" >
            <step title="Builder is OneDeployBuilder" date="2025-04-16T23:24:13.570" /><!-- duration: 6ms -->
          </step><!-- duration: 36ms -->
          <step title="PreDeployment: context.CleanOutputPath False" date="2025-04-16T23:24:13.646" >
            <step title="PreDeployment: context.OutputPath /home/site/wwwroot" date="2025-04-16T23:24:13.782" >
              <step title="Building" date="2025-04-16T23:24:13.919" >
                <step title="Modified file to trigger a restart of the app container." date="2025-04-16T23:24:20.718" /><!-- duration: 9ms -->
                <step title="Skip function trigger and logicapp sync because function is not enabled." date="2025-04-16T23:24:20.734" /><!-- duration: 12ms -->
              </step><!-- duration: 7789ms -->
            </step><!-- duration: 7959ms -->
            <step title="Cleaning up temp files" date="2025-04-16T23:24:21.758" /><!-- duration: 15ms -->
            <step title="Cleaning up temp files" date="2025-04-16T23:24:21.795" /><!-- duration: 519ms -->
            <step title="Reloading status file with latest updates" date="2025-04-16T23:24:22.357" >
              <step title="WebHooksManager.PublishEventAsync: PostDeployment" date="2025-04-16T23:24:22.363" /><!-- duration: 37ms -->
            </step><!-- duration: 50ms -->
            <step title="Cleaning up temporary deployment - fetch deployment was successful" date="2025-04-16T23:24:22.416" /><!-- duration: 6ms -->
          </step><!-- duration: 8861ms -->
        </step><!-- duration: 10480ms -->
        <step title="Outgoing response" date="2025-04-16T23:24:22.522" type="response" statusCode="200" statusText="OK" /><!-- duration: 6ms -->
      </step><!-- duration: 10511ms -->
