<step title="BackgroundTrace" date="2025-04-16T17:00:44.888" instance="bf8ef9" url="/api/zipdeploy" method="POST" >
  <step title="Cleanup Xml Logs" date="2025-04-16T17:00:44.902" /><!-- duration: 11ms -->
  <step title="Creating temporary deployment - FetchDeploymentManager" date="2025-04-16T17:00:45.013" /><!-- duration: 5ms -->
  <step title="Creating temporary deployment" date="2025-04-16T17:00:45.025" /><!-- duration: 71ms -->
  <step title="Performing fetch based deployment" date="2025-04-16T17:00:45.185" >
    <step title="Cleaning up temp folders from previous zip deployments and extracting pushed zip file /tmp/zipdeploy/a5bcb2d4-79e4-4cd0-8d3e-6230c3420258.zip (3.75 MB) to /tmp/zipdeploy/extracted" date="2025-04-16T17:00:46.373" >
      <step title="ChmodRecursive Process exited with total time taken in ms: 61" date="2025-04-16T17:00:46.775" /><!-- duration: 14ms -->
    </step><!-- duration: 430ms -->
    <step title="Deployment timer started" date="2025-04-16T17:00:48.830" >
      <step title="DeploymentManager.Deploy(id:e6211bd8-8c4c-40b1-943c-b1a3dc213f3a)" date="2025-04-16T17:00:48.843" >
        <step title="Collecting changeset information" date="2025-04-16T17:00:48.900" /><!-- duration: 124ms -->
        <step title="Updating submodules" date="2025-04-16T17:00:49.036" /><!-- duration: 1139ms -->
        <step title="Determining deployment builder" date="2025-04-16T17:00:50.477" >
          <step title="Builder is BasicBuilder" date="2025-04-16T17:00:50.497" /><!-- duration: 6ms -->
        </step><!-- duration: 32ms -->
        <step title="PreDeployment: context.CleanOutputPath False" date="2025-04-16T17:00:50.595" >
          <step title="PreDeployment: context.OutputPath /home/site/wwwroot" date="2025-04-16T17:00:50.802" >
            <step title="Building" date="2025-04-16T17:00:51.020" >
              <step title="Generating deployment script" date="2025-04-16T17:00:51.238" >
                <step title="Using cached version of the deployment script for command: -y --no-dot-deployment -r &quot;/tmp/zipdeploy/extracted&quot; -o &quot;/home/site/deployments/tools&quot; --basic --sitePath &quot;/tmp/zipdeploy/extracted&quot;" date="2025-04-16T17:00:51.383" /><!-- duration: 10ms -->
              </step><!-- duration: 212ms -->
              <step title="Executing external process" date="2025-04-16T17:00:51.927" type="process" path="starter.sh" arguments="&quot;/home/site/deployments/tools/deploy.sh&quot;" /><!-- duration: 1177ms -->
              <step title="Triggering recycle (preview mode disabled)." date="2025-04-16T17:00:53.403" /><!-- duration: 7ms -->
              <step title="Modified file to trigger a restart of the app container." date="2025-04-16T17:00:53.457" /><!-- duration: 6ms -->
              <step title="Skip function trigger and logicapp sync because function is not enabled." date="2025-04-16T17:00:53.469" /><!-- duration: 10ms -->
            </step><!-- duration: 3208ms -->
          </step><!-- duration: 3444ms -->
          <step title="Cleaning up temp files" date="2025-04-16T17:00:54.253" /><!-- duration: 17ms -->
          <step title="Cleaning up temp files" date="2025-04-16T17:00:54.282" /><!-- duration: 517ms -->
          <step title="Reloading status file with latest updates" date="2025-04-16T17:00:54.840" >
            <step title="WebHooksManager.PublishEventAsync: PostDeployment" date="2025-04-16T17:00:54.854" /><!-- duration: 104ms -->
          </step><!-- duration: 123ms -->
          <step title="Cleaning up temporary deployment - fetch deployment was successful" date="2025-04-16T17:00:54.974" /><!-- duration: 8ms -->
        </step><!-- duration: 4462ms -->
      </step><!-- duration: 6246ms -->
