<step title="Incoming Request" date="2025-04-16T23:30:21.083" instance="bf8ef9" url="/api/publish?type=zip" method="POST" type="request" pid="820,1,36" Accept="*/*" Host="thelocalfinder-backend.scm.azurewebsites.net" User-Agent="AZURECLI/2.71.0 (HOMEBREW)" Accept-Encoding="gzip, deflate" Authorization="Bas..." Cache-Control="no-cache" Content-Type="application/octet-stream" Cookie="ARRAffinity=bf8ef91ccb8fa77b4506825069ff977a4ee74a1061592a5949482f922bad3616; ARRAffinitySameSite=bf8ef91ccb8fa77b4506825069ff977a4ee74a1061592a5949482f922bad3616" Content-Length="4066475" x-ms-client-request-id="aa8bf98a-1b1a-11f0-a370-767d9b444430" x-ms-artifact-checksum="6c976c27fb2a086d3ba07c74187b2e7e4ddfbc5df254996ab0dada8fd8a2faec" X-ARR-LOG-ID="aa8bf98a-1b1a-11f0-a370-767d9b444430" CLIENT-IP="102.191.84.122:54323" X-SITE-DEPLOYMENT-ID="thelocalfinder-backend" WAS-DEFAULT-HOSTNAME="thelocalfinder-backend.scm.azurewebsites.net" X-Forwarded-Proto="https" X-AppService-Proto="https" X-Forwarded-TlsVersion="1.3" X-WAWS-Unencoded-URL="/api/publish?type=zip" X-Client-IP="102.191.84.122" X-Client-Port="54323" >
  <step title="OneDeploy" date="2025-04-16T23:30:21.100" >
    <step title="Starting PushDeployAsync" date="2025-04-16T23:30:21.141" /><!-- duration: 18ms -->
    <step title="Writing artifact to /tmp/zipdeploy/456049e5-113c-4bde-bc60-494de4a14649.zip" date="2025-04-16T23:30:21.209" >
      <step title="Writing multipart request body to /tmp/zipdeploy/456049e5-113c-4bde-bc60-494de4a14649.zip" date="2025-04-16T23:30:21.216" /><!-- duration: 24ms -->
    </step><!-- duration: 32605ms -->
    <step title="Attempting to fetch target branch HEAD" date="2025-04-16T23:30:53.855" /><!-- duration: 6ms -->
    <step title="Acquiring Deployment Lock" date="2025-04-16T23:30:53.873" /><!-- duration: 6ms -->
    <step title="Acquired Deployment Lock" date="2025-04-16T23:30:53.916" /><!-- duration: 6ms -->
    <step title="Performing fetch based deployment" date="2025-04-16T23:30:53.937" >
      <step title="Creating temporary deployment" date="2025-04-16T23:30:53.947" /><!-- duration: 64ms -->
      <step title="Releasing Deployment Lock" date="2025-04-16T23:30:55.163" /><!-- duration: 11ms -->
      <step title="Cleaning up temp folders from previous zip deployments and extracting pushed zip file /tmp/zipdeploy/456049e5-113c-4bde-bc60-494de4a14649.zip (3.88 MB) to /tmp/zipdeploy/extracted" date="2025-04-16T23:30:55.234" >
        <step title="ChmodRecursive Process exited with total time taken in ms: 41" date="2025-04-16T23:30:55.576" /><!-- duration: 15ms -->
      </step><!-- duration: 364ms -->
      <step title="None repository commit" date="2025-04-16T23:30:55.615" >
        <step title="Commit id: 8517b85e-64ba-486f-8489-da6a270942c6" date="2025-04-16T23:30:55.628" Message="OneDeploy" AuthorName="N/A" AuthorEmail="N/A" /><!-- duration: 6ms -->
      </step><!-- duration: 25ms -->
      <step title="Deployment timer started" date="2025-04-16T23:30:57.646" >
        <step title="DeploymentManager.Deploy(id:8517b85e-64ba-486f-8489-da6a270942c6)" date="2025-04-16T23:30:57.675" >
          <step title="Collecting changeset information" date="2025-04-16T23:30:57.735" /><!-- duration: 134ms -->
          <step title="Updating submodules" date="2025-04-16T23:30:57.881" /><!-- duration: 1143ms -->
          <step title="Determining deployment builder" date="2025-04-16T23:30:59.259" >
            <step title="Builder is OneDeployBuilder" date="2025-04-16T23:30:59.278" /><!-- duration: 6ms -->
          </step><!-- duration: 29ms -->
          <step title="PreDeployment: context.CleanOutputPath False" date="2025-04-16T23:30:59.339" >
            <step title="PreDeployment: context.OutputPath /home/site/wwwroot" date="2025-04-16T23:30:59.463" >
              <step title="Building" date="2025-04-16T23:30:59.623" >
                <step title="Modified file to trigger a restart of the app container." date="2025-04-16T23:31:06.071" /><!-- duration: 9ms -->
                <step title="Skip function trigger and logicapp sync because function is not enabled." date="2025-04-16T23:31:06.086" /><!-- duration: 13ms -->
              </step><!-- duration: 7530ms -->
            </step><!-- duration: 7704ms -->
            <step title="Cleaning up temp files" date="2025-04-16T23:31:07.175" /><!-- duration: 6ms -->
            <step title="Cleaning up temp files" date="2025-04-16T23:31:07.188" /><!-- duration: 506ms -->
            <step title="Reloading status file with latest updates" date="2025-04-16T23:31:07.734" >
              <step title="WebHooksManager.PublishEventAsync: PostDeployment" date="2025-04-16T23:31:07.744" /><!-- duration: 32ms -->
            </step><!-- duration: 49ms -->
            <step title="Cleaning up temporary deployment - fetch deployment was successful" date="2025-04-16T23:31:07.792" /><!-- duration: 5ms -->
          </step><!-- duration: 8568ms -->
        </step><!-- duration: 10247ms -->
        <step title="Outgoing response" date="2025-04-16T23:31:07.929" type="response" statusCode="200" statusText="OK" /><!-- duration: 5ms -->
      </step><!-- duration: 10294ms -->
