<step title="Incoming Request" date="2025-04-16T17:00:50.563" instance="bf8ef9" url="/api/deployments/latest" method="GET" type="request" pid="824,1,16" Accept="*/*" Host="thelocalfinder-backend.scm.azurewebsites.net" User-Agent="AZURECLI/2.71.0 (HOMEBREW)" Accept-Encoding="gzip, deflate" Authorization="Bas..." x-ms-client-request-id="4cd183ea-1ae4-11f0-8d59-767d9b444430" X-ARR-LOG-ID="4cd183ea-1ae4-11f0-8d59-767d9b444430" CLIENT-IP="102.191.84.122:52091" X-SITE-DEPLOYMENT-ID="thelocalfinder-backend" WAS-DEFAULT-HOSTNAME="thelocalfinder-backend.scm.azurewebsites.net" X-Forwarded-Proto="https" X-AppService-Proto="https" X-Forwarded-TlsVersion="1.3" X-WAWS-Unencoded-URL="/api/deployments/latest" X-Client-IP="102.191.84.122" X-Client-Port="52091" >
  <step title="Cleanup Xml Logs" date="2025-04-16T17:00:50.574" /><!-- duration: 23ms -->
  <step title="DeploymentService.GetResult" date="2025-04-16T17:00:50.713" >
    <step title="DeploymentService.GetLatestDeployment" date="2025-04-16T17:00:50.725" >
      <step title="DeploymentManager.GetResults" date="2025-04-16T17:00:50.752" /><!-- duration: 910ms -->
      <step title="Deployment e6211bd8-8c4c-40b1-943c-b1a3dc213f3a is Building" date="2025-04-16T17:00:51.668" /><!-- duration: 6ms -->
    </step><!-- duration: 956ms -->
  </step><!-- duration: 976ms -->
  <step title="Outgoing response" date="2025-04-16T17:00:51.699" type="response" statusCode="202" statusText="Accepted" /><!-- duration: 8ms -->
</step><!-- duration: 1150ms -->
