﻿<?xml version="1.0" encoding="utf-8"?>
<deployment>
  <id>3bdf6dc4-689b-48b5-bf7a-cb4b8e6f2077</id>
  <author>N/A</author>
  <deployer>Push-Deployer</deployer>
  <authorEmail>N/A</authorEmail>
  <message>Created via a push deployment</message>
  <progress></progress>
  <status>Success</status>
  <statusText></statusText>
  <lastSuccessEndTime>2025-04-16T17:13:14.2498154Z</lastSuccessEndTime>
  <receivedTime>2025-04-16T17:13:08.8881617Z</receivedTime>
  <startTime>2025-04-16T17:13:10.3142925Z</startTime>
  <endTime>2025-04-16T17:13:14.2498154Z</endTime>
  <complete>True</complete>
  <is_temp>False</is_temp>
  <is_readonly>True</is_readonly>
  <buildSummary />
</deployment>